customer_id,before,after
MO_1,dairy,checkout
MO_2,dairy,checkout
MO_3,dairy,checkout
MO_4,dairy,checkout
MO_5,spices,drinks
MO_6,spices,dairy
MO_6,spices,checkout
MO_7,spices,checkout
MO_8,fruit,checkout
MO_34,spices,spices
MO_45,fruit,drinks
MO_56,spices,checkout
MO_61,drinks,drinks
MO_64,fruit,drinks
MO_67,dairy,spices
MO_68,spices,drinks
MO_69,fruit,checkout
MO_70,spices,dairy
MO_86,dairy,spices
MO_86,drinks,drinks
MO_91,dairy,checkout
MO_98,fruit,dairy
MO_98,dairy,drinks
MO_99,dairy,checkout
MO_99,drinks,checkout
MO_100,drinks,checkout
MO_101,fruit,dairy
MO_102,dairy,checkout
MO_103,spices,drinks
MO_103,drinks,checkout
MO_104,drinks,dairy
MO_106,spices,spices
MO_109,drinks,fruit
MO_109,fruit,dairy
MO_109,dairy,checkout
MO_110,spices,fruit
MO_113,fruit,dairy
MO_117,dairy,drinks
MO_118,fruit,checkout
MO_119,drinks,checkout
MO_131,dairy,checkout
MO_144,spices,drinks
MO_146,spices,checkout
MO_147,spices,fruit
MO_147,drinks,checkout
MO_150,drinks,dairy
MO_151,fruit,checkout
MO_152,fruit,checkout
MO_153,dairy,fruit
MO_154,dairy,dairy
MO_155,drinks,checkout
MO_159,fruit,drinks
MO_161,dairy,drinks
MO_161,spices,checkout
MO_162,spices,checkout
MO_163,drinks,spices
MO_164,fruit,fruit
MO_166,dairy,checkout
MO_167,spices,fruit
MO_167,dairy,checkout
MO_167,spices,fruit
MO_186,fruit,dairy
MO_186,spices,drinks
MO_186,drinks,drinks
MO_186,drinks,fruit
MO_192,drinks,checkout
MO_199,drinks,dairy
MO_206,fruit,dairy
MO_206,dairy,drinks
MO_211,dairy,spices
MO_211,spices,drinks
MO_211,drinks,checkout
MO_214,drinks,fruit
MO_216,spices,checkout
MO_217,spices,dairy
MO_217,dairy,drinks
MO_217,dairy,checkout
MO_218,fruit,dairy
MO_219,fruit,fruit
MO_220,fruit,spices
MO_221,dairy,spices
MO_222,spices,checkout
MO_229,fruit,fruit
MO_229,fruit,spices
MO_230,dairy,drinks
MO_232,dairy,checkout
MO_233,fruit,dairy
MO_233,dairy,checkout
MO_234,fruit,spices
MO_234,fruit,drinks
MO_234,drinks,drinks
MO_234,drinks,checkout
MO_235,dairy,fruit
MO_236,dairy,checkout
MO_236,drinks,fruit
MO_237,spices,drinks
MO_238,dairy,checkout
MO_238,fruit,fruit
MO_244,spices,checkout
MO_245,fruit,fruit
MO_252,drinks,drinks
MO_254,spices,dairy
MO_255,dairy,checkout
MO_256,spices,drinks
MO_256,fruit,dairy
MO_257,dairy,fruit
MO_258,fruit,dairy
MO_258,dairy,dairy
MO_258,spices,checkout
MO_259,drinks,dairy
MO_260,dairy,drinks
MO_261,fruit,checkout
MO_281,drinks,checkout
MO_282,spices,fruit
MO_284,spices,drinks
MO_286,dairy,spices
MO_287,drinks,checkout
MO_287,fruit,checkout
MO_289,drinks,checkout
MO_290,drinks,dairy
MO_294,fruit,fruit
MO_297,drinks,dairy
MO_298,dairy,spices
MO_299,spices,checkout
MO_300,drinks,spices
MO_301,spices,fruit
MO_301,fruit,dairy
MO_301,fruit,checkout
MO_302,fruit,checkout
MO_303,drinks,fruit
MO_305,dairy,spices
MO_307,fruit,checkout
MO_312,fruit,drinks
MO_314,fruit,dairy
MO_317,fruit,checkout
MO_319,fruit,spices
MO_320,drinks,drinks
MO_321,fruit,dairy
MO_322,dairy,spices
MO_323,dairy,fruit
MO_324,spices,dairy
MO_325,spices,checkout
MO_326,dairy,fruit
MO_327,drinks,fruit
MO_332,fruit,fruit
MO_332,dairy,dairy
MO_333,spices,dairy
MO_339,dairy,drinks
MO_339,drinks,fruit
MO_339,spices,checkout
MO_340,dairy,fruit
MO_341,dairy,checkout
MO_342,dairy,fruit
MO_345,drinks,spices
MO_349,dairy,spices
MO_350,fruit,dairy
MO_352,spices,dairy
MO_357,dairy,checkout
MO_359,spices,fruit
MO_359,spices,drinks
MO_360,drinks,checkout
MO_361,spices,dairy
MO_361,dairy,drinks
MO_363,spices,drinks
MO_364,dairy,spices
MO_365,fruit,fruit
MO_365,fruit,dairy
MO_366,drinks,checkout
MO_367,fruit,checkout
MO_368,dairy,spices
MO_368,spices,fruit
MO_371,drinks,dairy
MO_373,drinks,drinks
MO_380,fruit,spices
MO_380,spices,dairy
MO_380,dairy,fruit
MO_380,fruit,spices
MO_380,spices,drinks
MO_380,drinks,spices
MO_380,dairy,checkout
MO_382,drinks,drinks
MO_385,dairy,checkout
MO_389,fruit,checkout
MO_390,dairy,checkout
MO_390,spices,fruit
MO_390,fruit,drinks
MO_391,dairy,spices
MO_391,fruit,dairy
MO_391,drinks,spices
MO_391,drinks,fruit
MO_394,fruit,spices
MO_395,fruit,checkout
MO_396,fruit,drinks
MO_396,drinks,checkout
MO_397,fruit,fruit
MO_398,spices,checkout
MO_399,spices,checkout
MO_410,drinks,dairy
MO_410,spices,drinks
MO_411,dairy,checkout
MO_412,drinks,checkout
MO_412,fruit,spices
MO_415,spices,dairy
MO_417,fruit,checkout
MO_418,fruit,checkout
MO_419,fruit,dairy
MO_420,dairy,spices
MO_422,dairy,checkout
MO_422,fruit,dairy
MO_423,fruit,fruit
MO_424,fruit,checkout
MO_425,dairy,checkout
MO_426,fruit,dairy
MO_427,dairy,checkout
MO_428,dairy,checkout
MO_434,fruit,drinks
MO_434,dairy,fruit
MO_434,dairy,fruit
MO_435,fruit,checkout
MO_436,spices,checkout
MO_436,dairy,fruit
MO_436,fruit,spices
MO_436,fruit,dairy
MO_436,dairy,checkout
MO_437,spices,fruit
MO_440,dairy,drinks
MO_440,dairy,checkout
MO_441,fruit,fruit
MO_442,fruit,checkout
MO_445,spices,fruit
MO_446,dairy,fruit
MO_447,dairy,drinks
MO_448,fruit,checkout
MO_449,drinks,fruit
MO_450,spices,checkout
MO_451,drinks,checkout
MO_455,spices,drinks
MO_455,dairy,spices
MO_456,dairy,dairy
MO_457,dairy,checkout
MO_462,spices,fruit
MO_463,dairy,checkout
MO_480,dairy,fruit
MO_480,fruit,fruit
MO_480,fruit,dairy
MO_480,drinks,dairy
MO_486,drinks,checkout
MO_489,spices,drinks
MO_491,dairy,fruit
MO_491,dairy,spices
MO_492,drinks,fruit
MO_492,fruit,dairy
MO_493,spices,spices
MO_493,spices,dairy
MO_494,drinks,dairy
MO_495,dairy,drinks
MO_495,spices,checkout
MO_496,dairy,fruit
MO_498,dairy,drinks
MO_499,spices,dairy
MO_500,fruit,checkout
MO_501,fruit,checkout
MO_506,drinks,fruit
MO_506,fruit,drinks
MO_508,dairy,checkout
MO_509,spices,dairy
MO_509,spices,dairy
MO_510,dairy,checkout
MO_511,fruit,dairy
MO_512,fruit,spices
MO_513,dairy,spices
MO_514,drinks,spices
MO_515,fruit,checkout
MO_526,dairy,spices
MO_526,drinks,checkout
MO_526,fruit,fruit
MO_534,drinks,spices
MO_558,dairy,spices
MO_558,spices,checkout
MO_564,fruit,drinks
MO_568,spices,checkout
MO_571,fruit,checkout
MO_582,dairy,checkout
MO_585,drinks,checkout
MO_586,spices,checkout
MO_586,dairy,dairy
MO_587,dairy,checkout
MO_588,drinks,fruit
MO_589,drinks,drinks
MO_590,drinks,checkout
MO_591,drinks,fruit
MO_592,spices,checkout
MO_593,spices,checkout
MO_620,spices,checkout
MO_623,spices,dairy
MO_625,spices,checkout
MO_626,spices,fruit
MO_627,fruit,checkout
MO_628,dairy,checkout
MO_628,dairy,spices
MO_630,fruit,dairy
MO_631,dairy,spices
MO_633,drinks,fruit
MO_634,fruit,checkout
MO_636,fruit,checkout
MO_638,fruit,fruit
MO_656,spices,checkout
MO_656,drinks,checkout
MO_657,fruit,spices
MO_658,spices,dairy
MO_659,dairy,checkout
MO_660,fruit,checkout
MO_661,fruit,dairy
MO_666,spices,fruit
MO_666,fruit,dairy
MO_666,drinks,spices
MO_666,spices,fruit
MO_685,dairy,dairy
MO_686,dairy,checkout
MO_688,dairy,spices
MO_688,spices,checkout
MO_689,dairy,spices
MO_689,dairy,checkout
MO_690,fruit,dairy
MO_691,dairy,checkout
MO_692,spices,checkout
MO_692,spices,fruit
MO_693,fruit,checkout
MO_694,drinks,checkout
MO_694,fruit,dairy
MO_695,fruit,checkout
MO_695,spices,fruit
MO_696,spices,drinks
MO_697,dairy,spices
MO_697,spices,checkout
MO_698,dairy,drinks
MO_699,dairy,dairy
MO_699,dairy,fruit
MO_700,spices,fruit
MO_701,fruit,checkout
MO_704,drinks,drinks
MO_710,drinks,checkout
MO_711,drinks,checkout
MO_719,drinks,spices
MO_719,spices,spices
MO_719,spices,dairy
MO_720,dairy,fruit
MO_720,fruit,fruit
MO_721,spices,checkout
MO_721,drinks,spices
MO_722,spices,fruit
MO_723,spices,drinks
MO_723,drinks,dairy
MO_723,dairy,drinks
MO_724,drinks,spices
MO_724,fruit,fruit
MO_727,dairy,fruit
MO_729,fruit,dairy
MO_729,dairy,checkout
MO_730,spices,dairy
MO_730,dairy,fruit
MO_731,fruit,checkout
MO_732,dairy,fruit
MO_732,fruit,checkout
MO_733,fruit,dairy
MO_734,dairy,drinks
MO_734,drinks,checkout
MO_735,dairy,dairy
MO_736,dairy,fruit
MO_741,drinks,dairy
MO_747,spices,fruit
MO_748,fruit,dairy
MO_749,spices,drinks
MO_752,drinks,fruit
MO_752,dairy,dairy
MO_760,spices,drinks
MO_760,drinks,drinks
MO_762,spices,dairy
MO_762,fruit,spices
MO_762,dairy,drinks
MO_765,fruit,drinks
MO_767,spices,dairy
MO_767,fruit,spices
MO_769,spices,dairy
MO_770,dairy,spices
MO_773,fruit,checkout
MO_774,fruit,checkout
MO_775,fruit,checkout
MO_776,fruit,spices
MO_777,fruit,drinks
MO_780,spices,fruit
MO_781,fruit,dairy
MO_781,dairy,checkout
MO_783,dairy,spices
MO_784,spices,dairy
MO_784,fruit,spices
MO_785,spices,checkout
MO_786,dairy,checkout
MO_787,fruit,dairy
MO_788,dairy,spices
MO_788,spices,checkout
MO_790,fruit,fruit
MO_791,fruit,checkout
MO_792,dairy,drinks
MO_792,drinks,checkout
MO_793,fruit,checkout
MO_795,spices,checkout
MO_796,spices,spices
MO_796,fruit,fruit
MO_798,drinks,fruit
MO_801,dairy,fruit
MO_811,spices,checkout
MO_813,dairy,dairy
MO_814,fruit,checkout
MO_814,spices,drinks
MO_815,dairy,drinks
MO_816,drinks,checkout
MO_816,fruit,checkout
MO_817,spices,fruit
MO_818,drinks,fruit
MO_818,fruit,fruit
MO_819,fruit,checkout
MO_820,fruit,checkout
MO_821,fruit,dairy
MO_821,dairy,drinks
MO_822,fruit,checkout
MO_824,fruit,checkout
MO_826,fruit,checkout
MO_827,drinks,dairy
MO_828,spices,drinks
MO_828,drinks,checkout
MO_828,spices,drinks
MO_829,drinks,checkout
MO_829,spices,fruit
MO_830,fruit,spices
MO_830,spices,checkout
MO_831,drinks,dairy
MO_831,dairy,fruit
MO_832,dairy,fruit
MO_833,fruit,drinks
MO_833,fruit,checkout
MO_834,dairy,drinks
MO_835,drinks,spices
MO_836,fruit,drinks
MO_836,dairy,dairy
MO_836,dairy,checkout
MO_837,fruit,spices
MO_837,spices,drinks
MO_838,dairy,fruit
MO_841,dairy,checkout
MO_842,fruit,dairy
MO_843,drinks,spices
MO_844,dairy,checkout
MO_845,spices,fruit
MO_845,fruit,dairy
MO_846,drinks,dairy
MO_849,spices,checkout
MO_852,dairy,spices
MO_855,drinks,dairy
MO_859,fruit,checkout
MO_862,fruit,spices
MO_870,fruit,dairy
MO_871,drinks,drinks
MO_872,drinks,checkout
MO_873,drinks,checkout
MO_882,fruit,dairy
MO_887,dairy,spices
MO_889,spices,checkout
MO_903,fruit,checkout
MO_904,spices,checkout
MO_905,spices,checkout
MO_906,fruit,fruit
MO_907,fruit,checkout
MO_908,spices,spices
MO_909,spices,checkout
MO_913,fruit,drinks
MO_918,dairy,drinks
MO_918,drinks,fruit
MO_919,spices,checkout
MO_920,dairy,fruit
MO_921,fruit,checkout
MO_921,dairy,spices
MO_921,spices,fruit
MO_922,fruit,checkout
MO_923,dairy,checkout
MO_924,spices,checkout
MO_925,dairy,checkout
MO_926,fruit,checkout
MO_932,fruit,dairy
MO_933,dairy,drinks
MO_934,fruit,dairy
MO_935,dairy,checkout
MO_936,drinks,drinks
MO_937,drinks,drinks
MO_938,dairy,dairy
MO_940,drinks,fruit
MO_947,dairy,drinks
MO_953,dairy,checkout
MO_954,fruit,checkout
MO_955,dairy,checkout
MO_956,dairy,spices
MO_967,fruit,fruit
MO_970,fruit,checkout
MO_971,spices,dairy
MO_972,fruit,drinks
MO_993,drinks,checkout
MO_997,dairy,checkout
MO_1005,dairy,spices
MO_1011,fruit,checkout
MO_1024,spices,fruit
MO_1028,spices,checkout
MO_1031,dairy,checkout
MO_1032,drinks,fruit
MO_1036,spices,dairy
MO_1038,drinks,dairy
MO_1039,dairy,checkout
MO_1040,dairy,dairy
MO_1041,dairy,spices
MO_1081,dairy,fruit
MO_1087,drinks,drinks
MO_1096,spices,drinks
MO_1099,fruit,spices
MO_1101,spices,dairy
MO_1102,fruit,dairy
MO_1103,fruit,drinks
MO_1104,dairy,checkout
MO_1105,fruit,drinks
MO_1124,fruit,checkout
MO_1134,dairy,spices
MO_1136,dairy,dairy
MO_1137,spices,drinks
MO_1137,drinks,spices
MO_1138,dairy,checkout
MO_1138,dairy,drinks
MO_1139,drinks,dairy
MO_1142,fruit,dairy
MO_1142,dairy,fruit
MO_1149,spices,dairy
MO_1149,dairy,spices
MO_1149,spices,drinks
MO_1150,dairy,dairy
MO_1155,fruit,drinks
MO_1155,drinks,checkout
MO_1156,dairy,fruit
MO_1156,fruit,spices
MO_1157,spices,dairy
MO_1157,dairy,checkout
MO_1158,fruit,checkout
MO_1159,spices,checkout
MO_1160,spices,drinks
MO_1189,fruit,spices
MO_1205,drinks,dairy
MO_1205,fruit,fruit
MO_1210,drinks,checkout
MO_1212,dairy,fruit
MO_1213,fruit,dairy
MO_1214,spices,checkout
MO_1214,spices,checkout
MO_1215,drinks,drinks
MO_1216,dairy,spices
MO_1216,spices,checkout
MO_1217,fruit,dairy
MO_1219,drinks,checkout
MO_1223,fruit,checkout
MO_1224,fruit,checkout
MO_1225,fruit,checkout
MO_1226,dairy,checkout
MO_1227,fruit,checkout
MO_1228,drinks,checkout
MO_1229,dairy,checkout
MO_1230,dairy,drinks
MO_1231,spices,fruit
MO_1232,fruit,spices
MO_1251,fruit,drinks
MO_1253,drinks,dairy
MO_1257,drinks,checkout
MO_1258,drinks,fruit
MO_1262,fruit,dairy
MO_1263,dairy,fruit
MO_1266,dairy,checkout
MO_1267,dairy,drinks
MO_1268,spices,fruit
MO_1269,fruit,dairy
MO_1288,fruit,drinks
MO_1290,fruit,checkout
MO_1291,dairy,checkout
MO_1292,spices,drinks
MO_1292,drinks,dairy
MO_1293,dairy,checkout
MO_1294,drinks,spices
MO_1294,spices,drinks
MO_1296,drinks,dairy
MO_1302,dairy,spices
MO_1315,dairy,drinks
MO_1318,drinks,checkout
MO_1320,fruit,checkout
MO_1321,drinks,checkout
MO_1322,dairy,fruit
MO_1322,spices,spices
MO_1323,fruit,checkout
MO_1325,fruit,dairy
MO_1325,dairy,checkout
MO_1326,dairy,fruit
MO_1326,fruit,fruit
MO_1327,fruit,dairy
MO_1327,dairy,fruit
MO_1327,spices,checkout
MO_1328,drinks,drinks
MO_1329,drinks,drinks
MO_1329,drinks,checkout
MO_1329,dairy,dairy
MO_1330,spices,checkout
MO_1331,drinks,dairy
MO_1331,dairy,drinks
MO_1333,drinks,checkout
MO_1333,drinks,dairy
MO_1334,fruit,dairy
MO_1335,drinks,fruit
MO_1336,dairy,checkout
MO_1338,fruit,fruit
MO_1339,fruit,dairy
MO_1340,dairy,fruit
MO_1340,fruit,checkout
MO_1345,fruit,checkout
MO_1349,drinks,drinks
MO_1350,drinks,drinks
MO_1351,spices,drinks
MO_1351,drinks,checkout
MO_1351,drinks,spices
MO_1352,drinks,fruit
MO_1353,dairy,checkout
MO_1354,spices,dairy
MO_1366,spices,drinks
MO_1367,dairy,drinks
MO_1368,drinks,checkout
MO_1370,drinks,checkout
MO_1371,spices,checkout
MO_1372,fruit,dairy
MO_1373,spices,checkout
MO_1374,fruit,drinks
MO_1375,dairy,checkout
MO_1380,spices,drinks
MO_1382,drinks,drinks
MO_1388,spices,dairy
MO_1389,fruit,drinks
MO_1390,drinks,fruit
MO_1391,dairy,drinks
MO_1393,drinks,fruit
MO_1394,fruit,checkout
MO_1396,fruit,spices
MO_1396,spices,checkout
MO_1400,drinks,spices
MO_1403,dairy,checkout
MO_1404,dairy,checkout
MO_1405,dairy,checkout
MO_1406,spices,fruit
MO_1407,fruit,checkout
MO_1409,drinks,fruit
MO_1410,drinks,checkout
MO_1411,fruit,checkout
MO_1412,fruit,checkout
MO_1413,fruit,drinks
MO_1414,dairy,checkout
MO_1415,fruit,checkout
MO_1416,fruit,drinks
MO_1416,drinks,spices
MO_1417,spices,fruit
MO_1417,fruit,checkout
MO_1418,drinks,checkout
MO_1419,fruit,drinks
MO_1420,spices,checkout
MO_1421,spices,checkout
MO_1422,dairy,drinks
MO_1423,dairy,dairy
MO_1430,fruit,dairy
MO_1430,dairy,fruit
MO_1430,fruit,dairy
MO_1431,dairy,checkout
MO_1431,fruit,spices
MO_1432,spices,fruit
MO_1432,fruit,checkout
MO_1433,dairy,checkout
MO_1434,spices,fruit
MO_1434,fruit,drinks
MO_1434,drinks,checkout
MO_1435,drinks,checkout
MO_1436,drinks,dairy
MO_1437,fruit,spices
MO_1446,dairy,fruit
MO_1447,fruit,fruit
TU_1,fruit,checkout
TU_1,drinks,fruit
TU_2,drinks,checkout
TU_3,dairy,dairy
TU_4,dairy,spices
TU_5,dairy,checkout
TU_6,dairy,dairy
TU_7,dairy,checkout
TU_8,dairy,checkout
TU_9,fruit,dairy
TU_9,dairy,checkout
TU_14,dairy,fruit
TU_15,fruit,spices
TU_19,drinks,checkout
TU_19,dairy,drinks
TU_20,spices,checkout
TU_29,drinks,drinks
TU_29,spices,fruit
TU_29,fruit,dairy
TU_29,drinks,checkout
TU_30,drinks,drinks
TU_31,drinks,spices
TU_31,spices,drinks
TU_32,drinks,checkout
TU_33,spices,dairy
TU_33,drinks,spices
TU_34,drinks,checkout
TU_37,fruit,drinks
TU_37,drinks,drinks
TU_39,drinks,fruit
TU_40,drinks,checkout
TU_40,dairy,dairy
TU_41,dairy,drinks
TU_41,drinks,checkout
TU_42,drinks,checkout
TU_43,dairy,checkout
TU_43,fruit,checkout
TU_44,fruit,fruit
TU_45,spices,drinks
TU_47,dairy,dairy
TU_48,dairy,checkout
TU_49,spices,dairy
TU_50,drinks,checkout
TU_51,dairy,drinks
TU_55,drinks,drinks
TU_59,drinks,spices
TU_60,fruit,checkout
TU_62,drinks,drinks
TU_62,drinks,spices
TU_63,dairy,drinks
TU_64,spices,fruit
TU_67,fruit,dairy
TU_74,dairy,drinks
TU_75,fruit,checkout
TU_78,drinks,fruit
TU_79,fruit,checkout
TU_80,spices,checkout
TU_80,fruit,dairy
TU_87,drinks,fruit
TU_89,spices,drinks
TU_89,drinks,drinks
TU_90,fruit,checkout
TU_92,spices,fruit
TU_96,drinks,drinks
TU_98,fruit,drinks
TU_99,dairy,checkout
TU_100,dairy,checkout
TU_101,drinks,drinks
TU_102,drinks,checkout
TU_110,fruit,spices
TU_128,dairy,drinks
TU_133,fruit,checkout
TU_140,fruit,checkout
TU_156,fruit,dairy
TU_166,spices,fruit
TU_172,drinks,checkout
TU_173,drinks,spices
TU_179,fruit,checkout
TU_180,dairy,checkout
TU_181,dairy,fruit
TU_181,fruit,fruit
TU_182,dairy,spices
TU_198,dairy,spices
TU_198,spices,fruit
TU_198,spices,dairy
TU_200,spices,spices
TU_201,fruit,dairy
TU_201,dairy,fruit
TU_202,drinks,dairy
TU_206,drinks,drinks
TU_208,drinks,checkout
TU_209,dairy,spices
TU_210,fruit,checkout
TU_211,fruit,checkout
TU_212,dairy,checkout
TU_215,fruit,checkout
TU_216,spices,fruit
TU_217,drinks,drinks
TU_218,drinks,spices
TU_218,spices,checkout
TU_219,spices,drinks
TU_219,drinks,drinks
TU_220,drinks,spices
TU_220,spices,fruit
TU_221,fruit,checkout
TU_222,fruit,dairy
TU_223,dairy,spices
TU_228,spices,dairy
TU_228,dairy,fruit
TU_229,fruit,checkout
TU_230,fruit,spices
TU_231,spices,checkout
TU_232,fruit,drinks
TU_233,spices,fruit
TU_236,spices,dairy
TU_240,spices,dairy
TU_240,dairy,dairy
TU_241,spices,dairy
TU_241,dairy,drinks
TU_241,drinks,fruit
TU_242,spices,checkout
TU_244,fruit,spices
TU_245,fruit,fruit
TU_248,spices,fruit
TU_251,drinks,checkout
TU_260,dairy,checkout
TU_264,fruit,drinks
TU_271,spices,checkout
TU_271,fruit,dairy
TU_271,dairy,fruit
TU_272,fruit,dairy
TU_273,fruit,checkout
TU_273,spices,dairy
TU_274,fruit,checkout
TU_275,spices,drinks
TU_275,drinks,dairy
TU_275,dairy,checkout
TU_276,spices,fruit
TU_277,dairy,fruit
TU_278,fruit,checkout
TU_279,fruit,checkout
TU_280,dairy,dairy
TU_281,dairy,fruit
TU_281,dairy,checkout
TU_282,fruit,dairy
TU_282,fruit,spices
TU_283,fruit,checkout
TU_287,spices,checkout
TU_290,fruit,checkout
TU_291,fruit,checkout
TU_293,fruit,checkout
TU_294,fruit,dairy
TU_295,drinks,checkout
TU_301,spices,drinks
TU_303,fruit,checkout
TU_304,drinks,checkout
TU_305,fruit,checkout
TU_306,dairy,checkout
TU_307,dairy,checkout
TU_308,drinks,spices
TU_312,fruit,fruit
TU_318,dairy,dairy
TU_319,dairy,fruit
TU_325,spices,drinks
TU_325,dairy,spices
TU_327,dairy,dairy
TU_327,fruit,checkout
TU_328,drinks,spices
TU_330,dairy,dairy
TU_331,drinks,spices
TU_332,spices,fruit
TU_332,dairy,spices
TU_333,spices,checkout
TU_334,dairy,checkout
TU_335,fruit,spices
TU_337,drinks,checkout
TU_339,fruit,drinks
TU_344,spices,fruit
TU_345,fruit,dairy
TU_348,drinks,checkout
TU_349,fruit,dairy
TU_350,spices,dairy
TU_351,dairy,checkout
TU_362,fruit,drinks
TU_362,drinks,dairy
TU_363,dairy,fruit
TU_363,fruit,spices
TU_363,spices,checkout
TU_363,fruit,checkout
TU_365,spices,checkout
TU_368,fruit,fruit
TU_369,fruit,checkout
TU_370,fruit,checkout
TU_371,dairy,drinks
TU_371,dairy,spices
TU_371,drinks,dairy
TU_374,drinks,checkout
TU_375,dairy,checkout
TU_375,spices,spices
TU_376,drinks,fruit
TU_376,fruit,dairy
TU_377,dairy,fruit
TU_377,fruit,spices
TU_378,spices,dairy
TU_379,drinks,fruit
TU_385,spices,fruit
TU_385,fruit,checkout
TU_385,fruit,drinks
TU_390,drinks,spices
TU_396,spices,checkout
TU_399,fruit,checkout
TU_405,fruit,dairy
TU_405,dairy,fruit
TU_406,dairy,checkout
TU_407,spices,checkout
TU_408,dairy,spices
TU_408,spices,fruit
TU_408,fruit,drinks
TU_409,drinks,checkout
TU_410,drinks,spices
TU_411,spices,drinks
TU_411,drinks,checkout
TU_412,spices,drinks
TU_412,drinks,drinks
TU_416,dairy,fruit
TU_419,dairy,checkout
TU_420,drinks,checkout
TU_421,fruit,checkout
TU_422,dairy,dairy
TU_422,spices,checkout
TU_423,fruit,drinks
TU_424,dairy,dairy
TU_426,fruit,spices
TU_427,spices,dairy
TU_431,drinks,checkout
TU_431,dairy,checkout
TU_432,spices,dairy
TU_432,dairy,fruit
TU_433,fruit,checkout
TU_434,dairy,checkout
TU_435,dairy,fruit
TU_438,spices,checkout
TU_439,drinks,fruit
TU_440,drinks,dairy
TU_441,drinks,fruit
TU_443,spices,dairy
TU_449,drinks,spices
TU_450,dairy,checkout
TU_451,spices,spices
TU_452,spices,dairy
TU_453,dairy,checkout
TU_454,dairy,spices
TU_455,spices,dairy
TU_455,fruit,dairy
TU_455,dairy,fruit
TU_456,dairy,fruit
TU_456,fruit,dairy
TU_456,dairy,fruit
TU_456,fruit,spices
TU_456,spices,dairy
TU_457,dairy,checkout
TU_458,drinks,dairy
TU_463,drinks,fruit
TU_464,dairy,checkout
TU_465,spices,fruit
TU_469,dairy,fruit
TU_472,spices,dairy
TU_473,drinks,spices
TU_474,dairy,checkout
TU_475,fruit,fruit
TU_476,dairy,checkout
TU_476,fruit,dairy
TU_477,dairy,fruit
TU_478,spices,checkout
TU_479,fruit,checkout
TU_481,fruit,fruit
TU_482,fruit,checkout
TU_483,fruit,fruit
TU_484,dairy,drinks
TU_484,drinks,fruit
TU_485,fruit,checkout
TU_486,drinks,checkout
TU_490,fruit,spices
TU_492,dairy,drinks
TU_493,dairy,checkout
TU_494,dairy,checkout
TU_495,drinks,fruit
TU_496,fruit,dairy
TU_496,dairy,spices
TU_496,drinks,fruit
TU_498,fruit,fruit
TU_499,fruit,checkout
TU_500,fruit,checkout
TU_501,dairy,drinks
TU_502,drinks,checkout
TU_505,spices,spices
TU_507,spices,dairy
TU_508,spices,fruit
TU_511,spices,drinks
TU_512,drinks,fruit
TU_512,drinks,dairy
TU_513,fruit,spices
TU_515,fruit,dairy
TU_516,dairy,checkout
TU_517,dairy,checkout
TU_518,fruit,spices
TU_519,spices,checkout
TU_520,dairy,dairy
TU_524,fruit,dairy
TU_526,fruit,drinks
TU_528,drinks,fruit
TU_528,fruit,dairy
TU_529,drinks,spices
TU_530,dairy,fruit
TU_531,fruit,checkout
TU_532,spices,fruit
TU_546,drinks,dairy
TU_549,drinks,spices
TU_554,drinks,checkout
TU_555,dairy,checkout
TU_556,fruit,fruit
TU_557,fruit,checkout
TU_562,spices,drinks
TU_562,spices,dairy
TU_563,drinks,checkout
TU_566,fruit,checkout
TU_577,fruit,checkout
TU_578,spices,checkout
TU_579,dairy,fruit
TU_579,fruit,checkout
TU_580,fruit,dairy
TU_580,dairy,drinks
TU_581,drinks,checkout
TU_584,fruit,dairy
TU_588,spices,drinks
TU_589,drinks,spices
TU_589,dairy,checkout
TU_590,drinks,dairy
TU_591,dairy,checkout
TU_592,dairy,dairy
TU_593,fruit,checkout
TU_594,spices,checkout
TU_595,dairy,dairy
TU_596,dairy,fruit
TU_597,fruit,checkout
TU_605,spices,drinks
TU_605,dairy,drinks
TU_606,fruit,checkout
TU_607,dairy,dairy
TU_608,dairy,spices
TU_608,spices,checkout
TU_609,fruit,spices
TU_610,spices,drinks
TU_610,spices,dairy
TU_611,drinks,checkout
TU_612,spices,drinks
TU_613,drinks,fruit
TU_614,spices,checkout
TU_616,spices,drinks
TU_616,drinks,checkout
TU_617,dairy,fruit
TU_617,fruit,spices
TU_618,drinks,checkout
TU_618,dairy,dairy
TU_618,fruit,dairy
TU_619,dairy,checkout
TU_620,spices,dairy
TU_621,fruit,fruit
TU_622,fruit,checkout
TU_623,spices,spices
TU_627,fruit,fruit
TU_627,dairy,dairy
TU_628,dairy,spices
TU_628,spices,dairy
TU_628,drinks,fruit
TU_629,drinks,fruit
TU_631,drinks,checkout
TU_635,spices,drinks
TU_638,drinks,fruit
TU_640,fruit,checkout
TU_641,fruit,drinks
TU_644,dairy,checkout
TU_646,fruit,dairy
TU_647,fruit,spices
TU_647,spices,checkout
TU_648,drinks,spices
TU_649,spices,fruit
TU_652,dairy,dairy
TU_653,spices,fruit
TU_654,fruit,dairy
TU_658,dairy,checkout
TU_659,dairy,checkout
TU_662,fruit,fruit
TU_666,fruit,fruit
TU_677,drinks,checkout
TU_678,spices,dairy
TU_679,dairy,checkout
TU_680,spices,drinks
TU_693,fruit,spices
TU_702,dairy,drinks
TU_705,drinks,spices
TU_707,dairy,fruit
TU_708,spices,dairy
TU_708,dairy,drinks
TU_708,dairy,drinks
TU_708,drinks,drinks
TU_709,fruit,checkout
TU_710,spices,fruit
TU_712,fruit,checkout
TU_712,dairy,drinks
TU_719,drinks,spices
TU_722,dairy,checkout
TU_723,fruit,checkout
TU_724,fruit,checkout
TU_725,fruit,spices
TU_726,dairy,checkout
TU_727,fruit,dairy
TU_727,dairy,checkout
TU_733,fruit,checkout
TU_734,dairy,checkout
TU_735,dairy,spices
TU_736,spices,checkout
TU_736,dairy,checkout
TU_737,fruit,dairy
TU_738,fruit,checkout
TU_742,dairy,spices
TU_742,spices,drinks
TU_742,fruit,checkout
TU_744,fruit,fruit
TU_745,drinks,dairy
TU_746,dairy,dairy
TU_746,dairy,spices
TU_747,dairy,drinks
TU_747,drinks,checkout
TU_748,fruit,checkout
TU_749,fruit,drinks
TU_750,drinks,checkout
TU_750,fruit,spices
TU_750,spices,drinks
TU_751,fruit,fruit
TU_752,fruit,checkout
TU_752,dairy,spices
TU_756,dairy,checkout
TU_757,dairy,checkout
TU_758,dairy,checkout
TU_759,fruit,fruit
TU_764,drinks,checkout
TU_764,spices,checkout
TU_766,spices,spices
TU_771,spices,fruit
TU_771,dairy,fruit
TU_772,drinks,dairy
TU_772,dairy,checkout
TU_772,drinks,drinks
TU_772,drinks,checkout
TU_776,dairy,fruit
TU_776,dairy,checkout
TU_776,spices,fruit
TU_777,drinks,checkout
TU_778,drinks,checkout
TU_779,fruit,checkout
TU_780,dairy,fruit
TU_780,fruit,drinks
TU_781,fruit,dairy
TU_782,drinks,drinks
TU_783,dairy,checkout
TU_784,fruit,spices
TU_785,dairy,dairy
TU_815,fruit,drinks
TU_824,fruit,checkout
TU_829,drinks,spices
TU_831,fruit,fruit
TU_869,dairy,spices
TU_895,dairy,drinks
TU_895,drinks,checkout
TU_896,fruit,checkout
TU_897,dairy,spices
TU_898,fruit,drinks
TU_898,dairy,checkout
TU_899,fruit,drinks
TU_902,dairy,drinks
TU_903,drinks,checkout
TU_904,dairy,spices
TU_904,fruit,spices
TU_905,fruit,checkout
TU_905,drinks,dairy
TU_909,fruit,checkout
TU_910,dairy,checkout
TU_911,fruit,checkout
TU_912,spices,dairy
TU_912,dairy,fruit
TU_912,spices,dairy
TU_913,spices,checkout
TU_935,spices,dairy
TU_939,spices,dairy
TU_942,fruit,checkout
TU_943,spices,checkout
TU_945,fruit,checkout
TU_947,drinks,spices
TU_948,drinks,checkout
TU_949,spices,dairy
TU_951,fruit,spices
TU_951,spices,fruit
TU_951,spices,drinks
TU_952,fruit,spices
TU_953,fruit,checkout
TU_954,drinks,checkout
TU_954,dairy,checkout
TU_955,fruit,checkout
TU_959,drinks,fruit
TU_960,fruit,drinks
TU_961,drinks,drinks
TU_961,dairy,drinks
TU_962,drinks,spices
TU_987,spices,drinks
TU_987,drinks,checkout
TU_989,spices,dairy
TU_992,fruit,fruit
TU_1001,spices,checkout
TU_1003,drinks,drinks
TU_1004,fruit,checkout
TU_1008,dairy,drinks
TU_1009,spices,checkout
TU_1010,spices,spices
TU_1011,dairy,checkout
TU_1012,spices,drinks
TU_1013,fruit,dairy
TU_1025,drinks,fruit
TU_1025,fruit,checkout
TU_1041,drinks,fruit
TU_1043,spices,spices
TU_1044,spices,drinks
TU_1045,fruit,checkout
TU_1046,spices,dairy
TU_1046,fruit,drinks
TU_1051,dairy,checkout
TU_1052,dairy,drinks
TU_1053,dairy,checkout
TU_1054,fruit,checkout
TU_1055,fruit,fruit
TU_1059,fruit,spices
TU_1060,fruit,spices
TU_1065,spices,checkout
TU_1066,dairy,fruit
TU_1067,dairy,drinks
TU_1073,spices,checkout
TU_1074,dairy,checkout
TU_1075,dairy,fruit
TU_1076,dairy,checkout
TU_1125,fruit,drinks
TU_1131,dairy,dairy
TU_1132,fruit,fruit
TU_1137,dairy,drinks
TU_1158,dairy,spices
TU_1172,drinks,fruit
TU_1173,dairy,fruit
TU_1180,fruit,checkout
TU_1199,drinks,spices
TU_1207,spices,fruit
TU_1216,drinks,spices
TU_1220,dairy,fruit
TU_1220,fruit,dairy
TU_1223,drinks,spices
TU_1225,drinks,dairy
TU_1226,drinks,checkout
TU_1227,drinks,checkout
TU_1241,drinks,fruit
TU_1250,drinks,checkout
TU_1255,spices,fruit
TU_1257,spices,fruit
TU_1260,drinks,checkout
TU_1261,dairy,checkout
TU_1262,drinks,drinks
TU_1262,dairy,fruit
TU_1263,fruit,checkout
TU_1263,dairy,fruit
TU_1276,drinks,fruit
TU_1276,dairy,spices
TU_1279,fruit,checkout
TU_1280,fruit,checkout
TU_1281,drinks,dairy
TU_1281,drinks,dairy
TU_1282,dairy,spices
TU_1283,dairy,fruit
TU_1284,drinks,drinks
TU_1285,drinks,checkout
TU_1301,dairy,spices
TU_1307,spices,fruit
TU_1309,fruit,checkout
TU_1310,fruit,drinks
TU_1312,spices,checkout
TU_1313,spices,spices
TU_1313,spices,dairy
TU_1314,dairy,drinks
TU_1315,drinks,checkout
TU_1316,dairy,dairy
TU_1317,spices,checkout
TU_1317,drinks,dairy
TU_1317,spices,drinks
TU_1317,drinks,checkout
TU_1318,spices,drinks
TU_1318,drinks,drinks
TU_1319,drinks,checkout
TU_1319,fruit,drinks
TU_1320,drinks,dairy
TU_1321,spices,dairy
TU_1322,fruit,dairy
TU_1322,dairy,checkout
TU_1323,dairy,fruit
TU_1324,spices,fruit
TU_1324,dairy,drinks
TU_1325,drinks,checkout
TU_1326,fruit,checkout
TU_1326,dairy,fruit
TU_1327,fruit,checkout
TU_1328,dairy,checkout
TU_1329,fruit,drinks
TU_1330,dairy,drinks
TU_1330,drinks,checkout
TU_1331,spices,checkout
TU_1332,drinks,checkout
TU_1333,dairy,checkout
TU_1334,dairy,spices
TU_1335,dairy,checkout
TU_1336,drinks,dairy
TU_1340,fruit,checkout
TU_1342,drinks,checkout
TU_1345,dairy,spices
TU_1345,fruit,checkout
TU_1346,fruit,checkout
TU_1347,fruit,spices
TU_1348,spices,drinks
TU_1348,drinks,checkout
TU_1355,fruit,checkout
TU_1357,drinks,dairy
TU_1357,dairy,checkout
TU_1358,fruit,drinks
TU_1359,dairy,fruit
TU_1366,spices,checkout
TU_1366,drinks,checkout
TU_1367,dairy,drinks
TU_1368,fruit,checkout
TU_1369,spices,dairy
TU_1369,dairy,checkout
TU_1370,drinks,drinks
TU_1377,fruit,checkout
TU_1378,drinks,spices
TU_1378,spices,drinks
TU_1379,fruit,checkout
TU_1380,drinks,checkout
TU_1382,dairy,fruit
TU_1398,spices,checkout
TU_1399,drinks,fruit
TU_1403,drinks,drinks
TU_1409,drinks,checkout
TU_1411,dairy,drinks
TU_1412,drinks,dairy
TU_1417,spices,checkout
TU_1418,drinks,checkout
TU_1421,drinks,checkout
TU_1422,dairy,fruit
WE_1,fruit,checkout
WE_2,dairy,checkout
WE_3,fruit,checkout
WE_4,fruit,checkout
WE_5,dairy,checkout
WE_6,drinks,dairy
WE_20,spices,dairy
WE_21,drinks,spices
WE_24,spices,drinks
WE_25,spices,checkout
WE_27,dairy,spices
WE_28,fruit,dairy
WE_29,spices,dairy
WE_30,drinks,fruit
WE_31,fruit,checkout
WE_32,dairy,checkout
WE_33,fruit,drinks
WE_34,spices,dairy
WE_36,drinks,fruit
WE_41,fruit,dairy
WE_42,fruit,drinks
WE_42,dairy,checkout
WE_43,fruit,checkout
WE_48,dairy,drinks
WE_49,dairy,spices
WE_49,spices,fruit
WE_51,drinks,drinks
WE_52,dairy,drinks
WE_54,fruit,checkout
WE_55,drinks,fruit
WE_56,drinks,drinks
WE_57,drinks,checkout
WE_59,spices,checkout
WE_60,spices,drinks
WE_60,fruit,dairy
WE_61,dairy,fruit
WE_62,drinks,spices
WE_62,spices,spices
WE_63,dairy,spices
WE_63,drinks,checkout
WE_68,drinks,checkout
WE_69,fruit,checkout
WE_84,spices,drinks
WE_88,dairy,fruit
WE_89,spices,dairy
WE_90,spices,checkout
WE_91,spices,dairy
WE_92,dairy,checkout
WE_119,fruit,checkout
WE_131,spices,fruit
WE_133,spices,checkout
WE_135,drinks,fruit
WE_136,fruit,spices
WE_136,spices,drinks
WE_137,dairy,spices
WE_139,fruit,checkout
WE_139,dairy,drinks
WE_140,drinks,checkout
WE_141,fruit,checkout
WE_142,dairy,drinks
WE_143,dairy,fruit
WE_144,spices,checkout
WE_151,fruit,spices
WE_158,drinks,spices
WE_164,drinks,dairy
WE_165,fruit,dairy
WE_166,dairy,checkout
WE_167,spices,checkout
WE_168,fruit,spices
WE_169,dairy,drinks
WE_170,fruit,checkout
WE_171,dairy,checkout
WE_172,drinks,spices
WE_190,spices,checkout
WE_191,dairy,checkout
WE_195,fruit,drinks
WE_209,spices,drinks
WE_216,drinks,spices
WE_217,drinks,checkout
WE_220,dairy,checkout
WE_221,drinks,spices
WE_229,dairy,spices
WE_258,dairy,checkout
WE_258,fruit,drinks
WE_268,dairy,drinks
WE_269,spices,checkout
WE_271,drinks,dairy
WE_273,fruit,fruit
WE_273,dairy,checkout
WE_274,dairy,fruit
WE_275,drinks,checkout
WE_275,fruit,dairy
WE_275,dairy,dairy
WE_275,dairy,spices
WE_276,dairy,dairy
WE_276,spices,dairy
WE_277,drinks,dairy
WE_283,dairy,checkout
WE_284,fruit,dairy
WE_285,spices,checkout
WE_297,dairy,checkout
WE_301,fruit,drinks
WE_303,fruit,spices
WE_313,fruit,dairy
WE_324,spices,fruit
WE_334,spices,fruit
WE_342,drinks,drinks
WE_351,drinks,checkout
WE_371,drinks,dairy
WE_374,dairy,dairy
WE_382,fruit,spices
WE_382,drinks,fruit
WE_386,drinks,dairy
WE_386,dairy,fruit
WE_387,spices,drinks
WE_390,dairy,spices
WE_391,spices,drinks
WE_396,fruit,drinks
WE_397,dairy,dairy
WE_398,dairy,dairy
WE_398,dairy,checkout
WE_399,fruit,checkout
WE_400,dairy,fruit
WE_402,dairy,fruit
WE_402,drinks,drinks
WE_403,dairy,checkout
WE_403,drinks,checkout
WE_404,spices,dairy
WE_404,dairy,fruit
WE_405,fruit,dairy
WE_405,dairy,dairy
WE_406,dairy,checkout
WE_407,dairy,spices
WE_408,fruit,fruit
WE_408,fruit,checkout
WE_409,drinks,checkout
WE_410,dairy,spices
WE_414,fruit,spices
WE_417,drinks,spices
WE_417,drinks,spices
WE_417,spices,spices
WE_417,spices,fruit
WE_417,fruit,spices
WE_429,spices,spices
WE_429,drinks,drinks
WE_432,drinks,spices
WE_433,dairy,checkout
WE_435,dairy,spices
WE_435,dairy,fruit
WE_435,fruit,spices
WE_435,spices,checkout
WE_436,dairy,checkout
WE_437,fruit,dairy
WE_438,spices,checkout
WE_440,fruit,drinks
WE_442,fruit,spices
WE_443,dairy,fruit
WE_444,spices,checkout
WE_445,fruit,checkout
WE_446,dairy,checkout
WE_447,dairy,spices
WE_448,fruit,checkout
WE_458,spices,dairy
WE_462,dairy,fruit
WE_464,spices,checkout
WE_465,fruit,checkout
WE_466,fruit,checkout
WE_467,fruit,checkout
WE_468,dairy,checkout
WE_469,fruit,drinks
WE_470,spices,spices
WE_471,drinks,checkout
WE_472,fruit,dairy
WE_473,fruit,dairy
WE_488,fruit,checkout
WE_488,dairy,checkout
WE_489,dairy,dairy
WE_491,fruit,checkout
WE_492,dairy,dairy
WE_493,spices,fruit
WE_494,dairy,dairy
WE_495,dairy,checkout
WE_496,dairy,fruit
WE_498,spices,dairy
WE_498,dairy,checkout
WE_500,spices,fruit
WE_500,fruit,drinks
WE_501,fruit,spices
WE_502,drinks,drinks
WE_502,dairy,drinks
WE_502,drinks,checkout
WE_507,spices,fruit
WE_507,drinks,spices
WE_510,dairy,spices
WE_511,spices,spices
WE_511,spices,dairy
WE_512,dairy,checkout
WE_513,fruit,fruit
WE_517,drinks,dairy
WE_517,spices,fruit
WE_519,fruit,dairy
WE_520,fruit,checkout
WE_521,fruit,dairy
WE_522,dairy,checkout
WE_523,fruit,checkout
WE_524,fruit,checkout
WE_525,spices,checkout
WE_528,dairy,fruit
WE_536,dairy,drinks
WE_536,spices,checkout
WE_538,drinks,spices
WE_541,drinks,fruit
WE_542,dairy,drinks
WE_543,spices,checkout
WE_544,dairy,fruit
WE_544,fruit,fruit
WE_545,dairy,fruit
WE_546,fruit,checkout
WE_554,fruit,drinks
WE_559,dairy,fruit
WE_561,drinks,spices
WE_563,fruit,checkout
WE_564,fruit,checkout
WE_568,spices,drinks
WE_568,fruit,checkout
WE_569,drinks,fruit
WE_569,fruit,drinks
WE_571,fruit,dairy
WE_575,drinks,dairy
WE_576,dairy,checkout
WE_576,drinks,fruit
WE_577,fruit,drinks
WE_578,fruit,checkout
WE_579,fruit,fruit
WE_580,fruit,checkout
WE_581,fruit,checkout
WE_582,drinks,dairy
WE_585,dairy,checkout
WE_586,dairy,fruit
WE_587,fruit,checkout
WE_588,spices,spices
WE_588,spices,dairy
WE_589,dairy,checkout
WE_591,fruit,checkout
WE_592,drinks,checkout
WE_593,fruit,drinks
WE_594,fruit,checkout
WE_597,dairy,fruit
WE_597,drinks,fruit
WE_597,fruit,checkout
WE_599,fruit,fruit
WE_609,dairy,fruit
WE_610,fruit,checkout
WE_614,drinks,checkout
WE_614,spices,fruit
WE_615,dairy,drinks
WE_617,fruit,drinks
WE_617,dairy,fruit
WE_618,fruit,checkout
WE_621,spices,drinks
WE_622,dairy,fruit
WE_623,fruit,checkout
WE_624,spices,checkout
WE_625,fruit,checkout
WE_626,dairy,dairy
WE_627,drinks,checkout
WE_627,fruit,checkout
WE_633,fruit,checkout
WE_653,fruit,checkout
WE_655,spices,checkout
WE_656,fruit,checkout
WE_658,drinks,spices
WE_659,fruit,dairy
WE_666,fruit,drinks
WE_669,fruit,spices
WE_669,dairy,dairy
WE_678,fruit,dairy
WE_678,dairy,drinks
WE_681,drinks,fruit
WE_682,fruit,checkout
WE_683,fruit,dairy
WE_685,fruit,fruit
WE_685,drinks,fruit
WE_686,fruit,drinks
WE_686,drinks,drinks
WE_686,fruit,checkout
WE_687,fruit,dairy
WE_687,dairy,spices
WE_688,spices,checkout
WE_688,dairy,drinks
WE_689,dairy,fruit
WE_689,drinks,fruit
WE_690,fruit,checkout
WE_693,dairy,fruit
WE_694,spices,drinks
WE_700,drinks,checkout
WE_700,dairy,drinks
WE_701,dairy,checkout
WE_702,drinks,fruit
WE_705,drinks,fruit
WE_706,dairy,checkout
WE_707,dairy,checkout
WE_710,spices,dairy
WE_710,dairy,dairy
WE_710,spices,checkout
WE_741,dairy,fruit
WE_743,spices,dairy
WE_744,spices,dairy
WE_745,dairy,drinks
WE_746,dairy,checkout
WE_755,fruit,dairy
WE_765,dairy,checkout
WE_767,drinks,fruit
WE_770,drinks,fruit
WE_771,fruit,dairy
WE_771,dairy,drinks
WE_772,drinks,spices
WE_774,dairy,checkout
WE_776,drinks,checkout
WE_777,fruit,checkout
WE_777,spices,drinks
WE_777,spices,drinks
WE_778,spices,spices
WE_778,spices,checkout
WE_779,drinks,dairy
WE_780,dairy,drinks
WE_781,drinks,fruit
WE_782,fruit,checkout
WE_788,dairy,drinks
WE_788,dairy,spices
WE_788,spices,fruit
WE_791,fruit,dairy
WE_792,dairy,spices
WE_792,drinks,checkout
WE_793,dairy,checkout
WE_795,dairy,checkout
WE_796,spices,dairy
WE_796,dairy,dairy
WE_797,dairy,checkout
WE_798,drinks,fruit
WE_799,fruit,spices
WE_799,spices,dairy
WE_800,dairy,checkout
WE_801,dairy,spices
WE_802,fruit,spices
WE_803,drinks,checkout
WE_803,dairy,dairy
WE_808,drinks,fruit
WE_816,spices,fruit
WE_819,dairy,spices
WE_821,drinks,checkout
WE_822,drinks,fruit
WE_823,fruit,dairy
WE_824,spices,dairy
WE_825,fruit,fruit
WE_837,fruit,fruit
WE_838,fruit,drinks
WE_839,dairy,checkout
WE_840,drinks,checkout
WE_841,dairy,checkout
WE_845,drinks,checkout
WE_846,spices,checkout
WE_847,fruit,drinks
WE_848,fruit,checkout
WE_849,drinks,checkout
WE_850,drinks,drinks
WE_853,spices,fruit
WE_853,fruit,dairy
WE_854,drinks,fruit
WE_854,fruit,checkout
WE_855,fruit,dairy
WE_856,dairy,checkout
WE_857,fruit,spices
WE_857,spices,dairy
WE_858,dairy,fruit
WE_859,fruit,spices
WE_862,drinks,spices
WE_862,spices,checkout
WE_862,drinks,dairy
WE_862,dairy,spices
WE_862,spices,fruit
WE_863,dairy,drinks
WE_863,drinks,checkout
WE_864,fruit,drinks
WE_865,spices,spices
WE_865,spices,fruit
WE_865,fruit,checkout
WE_866,dairy,fruit
WE_867,fruit,checkout
WE_868,fruit,checkout
WE_869,spices,fruit
WE_869,drinks,fruit
WE_870,fruit,dairy
WE_870,dairy,fruit
WE_871,fruit,checkout
WE_872,dairy,fruit
WE_872,fruit,checkout
WE_873,dairy,fruit
WE_873,fruit,checkout
WE_874,fruit,checkout
WE_874,spices,drinks
WE_874,drinks,fruit
WE_875,fruit,checkout
WE_876,dairy,checkout
WE_877,fruit,fruit
WE_878,fruit,checkout
WE_879,spices,spices
WE_879,spices,fruit
WE_880,fruit,drinks
WE_881,drinks,dairy
WE_881,spices,dairy
WE_881,dairy,fruit
WE_881,dairy,checkout
WE_891,spices,drinks
WE_891,fruit,fruit
WE_893,spices,fruit
WE_898,spices,dairy
WE_899,dairy,spices
WE_900,fruit,fruit
WE_901,fruit,spices
WE_901,drinks,dairy
WE_901,dairy,fruit
WE_902,dairy,spices
WE_903,spices,checkout
WE_904,fruit,spices
WE_905,spices,checkout
WE_905,fruit,dairy
WE_908,spices,fruit
WE_909,fruit,checkout
WE_910,dairy,fruit
WE_910,fruit,fruit
WE_911,spices,dairy
WE_912,spices,drinks
WE_912,dairy,dairy
WE_913,fruit,dairy
WE_914,dairy,checkout
WE_915,dairy,spices
WE_915,spices,drinks
WE_916,drinks,checkout
WE_917,fruit,dairy
WE_918,drinks,drinks
WE_919,fruit,checkout
WE_922,spices,drinks
WE_923,drinks,checkout
WE_925,dairy,checkout
WE_927,dairy,checkout
WE_950,dairy,checkout
WE_952,drinks,dairy
WE_952,dairy,spices
WE_952,fruit,fruit
WE_953,drinks,spices
WE_954,fruit,dairy
WE_955,fruit,dairy
WE_955,drinks,checkout
WE_956,dairy,checkout
WE_957,drinks,checkout
WE_959,spices,dairy
WE_959,dairy,checkout
WE_960,fruit,fruit
WE_962,dairy,fruit
WE_968,dairy,spices
WE_968,spices,fruit
WE_969,dairy,checkout
WE_970,dairy,dairy
WE_985,spices,drinks
WE_988,drinks,fruit
WE_988,dairy,checkout
WE_989,fruit,checkout
WE_990,drinks,checkout
WE_991,dairy,drinks
WE_991,drinks,spices
WE_992,dairy,spices
WE_993,dairy,checkout
WE_994,fruit,spices
WE_994,spices,checkout
WE_995,dairy,dairy
WE_995,dairy,fruit
WE_995,fruit,dairy
WE_996,dairy,checkout
WE_996,fruit,dairy
WE_997,dairy,fruit
WE_997,spices,fruit
WE_998,dairy,checkout
WE_999,fruit,dairy
WE_1000,spices,drinks
WE_1001,spices,checkout
WE_1015,spices,fruit
WE_1015,fruit,drinks
WE_1015,dairy,dairy
WE_1019,dairy,checkout
WE_1019,fruit,fruit
WE_1020,fruit,drinks
WE_1024,dairy,checkout
WE_1031,fruit,dairy
WE_1035,drinks,dairy
WE_1038,fruit,checkout
WE_1039,dairy,checkout
WE_1040,fruit,dairy
WE_1042,fruit,checkout
WE_1043,dairy,spices
WE_1043,spices,dairy
WE_1044,fruit,checkout
WE_1045,spices,fruit
WE_1046,fruit,dairy
WE_1047,dairy,checkout
WE_1048,fruit,checkout
WE_1049,fruit,fruit
WE_1050,drinks,drinks
WE_1051,spices,fruit
WE_1052,dairy,dairy
WE_1056,fruit,spices
WE_1059,fruit,dairy
WE_1059,fruit,checkout
WE_1065,drinks,spices
WE_1065,fruit,dairy
WE_1066,dairy,checkout
WE_1066,fruit,drinks
WE_1066,spices,fruit
WE_1067,fruit,checkout
WE_1068,fruit,checkout
WE_1069,fruit,fruit
WE_1070,fruit,checkout
WE_1071,drinks,fruit
WE_1072,drinks,checkout
WE_1074,drinks,fruit
WE_1074,fruit,checkout
WE_1075,dairy,spices
WE_1081,fruit,checkout
WE_1082,drinks,checkout
WE_1083,dairy,checkout
WE_1084,dairy,checkout
WE_1085,fruit,dairy
WE_1086,spices,dairy
WE_1093,fruit,drinks
WE_1093,drinks,checkout
WE_1093,drinks,dairy
WE_1094,drinks,fruit
WE_1099,fruit,drinks
WE_1099,drinks,dairy
WE_1100,dairy,fruit
WE_1101,fruit,checkout
WE_1103,spices,spices
WE_1103,fruit,checkout
WE_1104,dairy,fruit
WE_1106,fruit,checkout
WE_1106,fruit,dairy
WE_1107,dairy,spices
WE_1107,spices,dairy
WE_1107,spices,checkout
WE_1108,dairy,checkout
WE_1116,fruit,spices
WE_1117,drinks,checkout
WE_1118,spices,drinks
WE_1119,spices,fruit
WE_1126,fruit,drinks
WE_1127,dairy,checkout
WE_1134,drinks,checkout
WE_1134,spices,fruit
WE_1137,fruit,spices
WE_1137,spices,dairy
WE_1137,dairy,dairy
WE_1138,dairy,fruit
WE_1139,fruit,checkout
WE_1140,fruit,spices
WE_1141,fruit,checkout
WE_1142,spices,spices
WE_1143,drinks,checkout
WE_1148,fruit,fruit
WE_1158,drinks,fruit
WE_1159,spices,checkout
WE_1165,fruit,dairy
WE_1168,spices,dairy
WE_1173,spices,fruit
WE_1175,dairy,drinks
WE_1177,spices,dairy
WE_1179,drinks,dairy
WE_1181,fruit,checkout
WE_1183,dairy,fruit
WE_1184,fruit,checkout
WE_1185,fruit,checkout
WE_1186,fruit,checkout
WE_1191,dairy,dairy
WE_1214,fruit,drinks
WE_1220,fruit,drinks
WE_1222,drinks,spices
WE_1226,spices,fruit
WE_1228,drinks,fruit
WE_1229,fruit,drinks
WE_1230,dairy,fruit
WE_1231,spices,drinks
WE_1232,fruit,spices
WE_1288,fruit,checkout
WE_1289,dairy,fruit
WE_1304,spices,spices
WE_1321,dairy,dairy
WE_1332,dairy,spices
WE_1334,drinks,dairy
WE_1335,dairy,checkout
WE_1378,dairy,drinks
WE_1383,fruit,fruit
WE_1388,drinks,fruit
WE_1397,drinks,dairy
WE_1398,fruit,drinks
WE_1400,fruit,drinks
WE_1404,spices,fruit
WE_1408,fruit,drinks
WE_1408,fruit,dairy
WE_1413,dairy,fruit
WE_1414,drinks,dairy
WE_1415,drinks,checkout
WE_1416,dairy,checkout
WE_1417,spices,dairy
WE_1418,dairy,dairy
WE_1420,fruit,drinks
WE_1421,drinks,checkout
WE_1422,spices,dairy
WE_1423,drinks,fruit
WE_1423,fruit,checkout
WE_1424,fruit,drinks
WE_1428,drinks,spices
WE_1430,fruit,checkout
WE_1431,spices,dairy
WE_1432,dairy,checkout
WE_1432,fruit,dairy
WE_1432,dairy,checkout
WE_1433,spices,spices
WE_1434,dairy,drinks
WE_1434,drinks,checkout
WE_1435,fruit,checkout
WE_1436,fruit,dairy
WE_1438,drinks,dairy
WE_1440,dairy,drinks
WE_1441,drinks,checkout
WE_1442,drinks,drinks
WE_1443,drinks,fruit
WE_1444,dairy,fruit
WE_1461,fruit,fruit
WE_1464,dairy,spices
WE_1473,spices,fruit
WE_1473,drinks,drinks
WE_1477,spices,dairy
WE_1477,dairy,drinks
WE_1483,fruit,dairy
WE_1483,dairy,checkout
WE_1484,dairy,checkout
WE_1485,drinks,fruit
WE_1488,dairy,fruit
WE_1494,dairy,checkout
WE_1494,fruit,dairy
WE_1497,fruit,checkout
WE_1498,fruit,dairy
WE_1498,drinks,checkout
WE_1499,drinks,spices
WE_1499,drinks,checkout
WE_1506,spices,drinks
WE_1507,spices,dairy
WE_1508,drinks,fruit
WE_1508,drinks,checkout
WE_1513,drinks,dairy
WE_1514,dairy,spices
WE_1514,spices,checkout
WE_1515,spices,dairy
WE_1516,fruit,checkout
WE_1517,fruit,spices
WE_1524,drinks,drinks
WE_1525,drinks,checkout
WE_1527,dairy,drinks
TH_1,drinks,checkout
TH_2,fruit,checkout
TH_3,spices,dairy
TH_3,dairy,dairy
TH_4,dairy,checkout
TH_5,fruit,checkout
TH_5,dairy,drinks
TH_5,drinks,dairy
TH_6,fruit,spices
TH_6,dairy,drinks
TH_6,drinks,dairy
TH_7,fruit,checkout
TH_8,fruit,checkout
TH_9,drinks,fruit
TH_9,fruit,checkout
TH_10,spices,spices
TH_11,spices,drinks
TH_11,drinks,fruit
TH_11,fruit,dairy
TH_12,dairy,fruit
TH_12,fruit,checkout
TH_13,fruit,checkout
TH_14,dairy,checkout
TH_15,fruit,checkout
TH_16,fruit,spices
TH_17,spices,checkout
TH_18,fruit,checkout
TH_19,drinks,dairy
TH_20,dairy,drinks
TH_21,fruit,checkout
TH_22,fruit,dairy
TH_34,drinks,checkout
TH_63,dairy,spices
TH_67,drinks,drinks
TH_68,drinks,spices
TH_82,fruit,drinks
TH_85,spices,drinks
TH_86,spices,checkout
TH_87,fruit,checkout
TH_89,fruit,checkout
TH_90,fruit,spices
TH_91,spices,checkout
TH_92,fruit,checkout
TH_94,dairy,spices
TH_95,drinks,fruit
TH_95,spices,drinks
TH_96,fruit,dairy
TH_97,dairy,checkout
TH_97,spices,fruit
TH_98,spices,checkout
TH_99,dairy,checkout
TH_100,fruit,checkout
TH_101,drinks,spices
TH_102,spices,drinks
TH_103,fruit,dairy
TH_104,fruit,dairy
TH_105,dairy,checkout
TH_145,spices,checkout
TH_149,dairy,checkout
TH_149,fruit,dairy
TH_149,dairy,fruit
TH_149,fruit,spices
TH_149,spices,fruit
TH_162,spices,drinks
TH_162,drinks,checkout
TH_176,fruit,spices
TH_176,fruit,spices
TH_176,spices,dairy
TH_186,dairy,checkout
TH_186,dairy,spices
TH_186,spices,dairy
TH_186,fruit,dairy
TH_191,drinks,dairy
TH_191,dairy,checkout
TH_194,drinks,checkout
TH_195,dairy,checkout
TH_196,fruit,fruit
TH_197,drinks,checkout
TH_198,dairy,checkout
TH_199,dairy,checkout
TH_200,dairy,spices
TH_201,fruit,dairy
TH_203,drinks,spices
TH_214,drinks,spices
TH_215,drinks,drinks
TH_218,dairy,fruit
TH_218,fruit,drinks
TH_218,spices,spices
TH_221,spices,checkout
TH_221,dairy,spices
TH_222,fruit,drinks
TH_222,drinks,checkout
TH_226,dairy,spices
TH_226,fruit,drinks
TH_226,drinks,dairy
TH_226,dairy,fruit
TH_227,fruit,checkout
TH_228,spices,checkout
TH_229,fruit,drinks
TH_230,fruit,checkout
TH_275,fruit,checkout
TH_285,dairy,drinks
TH_302,drinks,checkout
TH_302,fruit,spices
TH_302,dairy,fruit
TH_306,fruit,dairy
TH_307,spices,dairy
TH_308,spices,checkout
TH_309,dairy,checkout
TH_314,dairy,drinks
TH_315,dairy,checkout
TH_315,fruit,dairy
TH_316,dairy,checkout
TH_317,drinks,spices
TH_318,drinks,checkout
TH_324,drinks,checkout
TH_330,fruit,drinks
TH_330,drinks,dairy
TH_331,dairy,checkout
TH_331,dairy,fruit
TH_332,fruit,checkout
TH_333,drinks,dairy
TH_334,dairy,checkout
TH_335,fruit,dairy
TH_335,dairy,checkout
TH_335,spices,checkout
TH_343,dairy,fruit
TH_344,fruit,checkout
TH_345,fruit,dairy
TH_345,dairy,spices
TH_346,dairy,checkout
TH_347,spices,dairy
TH_348,dairy,fruit
TH_349,drinks,fruit
TH_349,drinks,dairy
TH_350,fruit,spices
TH_351,spices,dairy
TH_351,dairy,checkout
TH_352,spices,checkout
TH_355,fruit,dairy
TH_363,spices,spices
TH_364,fruit,fruit
TH_366,spices,dairy
TH_366,spices,checkout
TH_367,dairy,fruit
TH_368,dairy,checkout
TH_372,spices,dairy
TH_373,drinks,drinks
TH_375,fruit,dairy
TH_376,fruit,fruit
TH_377,fruit,drinks
TH_380,drinks,spices
TH_394,spices,drinks
TH_395,drinks,checkout
TH_396,dairy,checkout
TH_397,spices,checkout
TH_398,fruit,dairy
TH_399,fruit,fruit
TH_402,fruit,dairy
TH_404,spices,spices
TH_405,dairy,checkout
TH_406,fruit,checkout
TH_407,dairy,fruit
TH_407,fruit,spices
TH_407,spices,fruit
TH_408,drinks,fruit
TH_409,fruit,checkout
TH_410,dairy,fruit
TH_411,fruit,checkout
TH_415,fruit,drinks
TH_416,drinks,checkout
TH_416,spices,drinks
TH_417,spices,checkout
TH_425,fruit,checkout
TH_429,spices,drinks
TH_430,spices,checkout
TH_431,dairy,checkout
TH_432,dairy,drinks
TH_434,fruit,checkout
TH_435,dairy,dairy
TH_436,spices,fruit
TH_442,drinks,spices
TH_442,spices,checkout
TH_443,dairy,dairy
TH_444,dairy,fruit
TH_445,dairy,spices
TH_445,dairy,fruit
TH_446,spices,checkout
TH_446,fruit,spices
TH_446,spices,dairy
TH_447,dairy,checkout
TH_448,fruit,drinks
TH_449,fruit,fruit
TH_450,fruit,checkout
TH_451,drinks,spices
TH_452,fruit,checkout
TH_453,spices,drinks
TH_454,drinks,spices
TH_454,spices,checkout
TH_455,dairy,dairy
TH_456,fruit,checkout
TH_461,fruit,dairy
TH_461,dairy,checkout
TH_462,spices,checkout
TH_463,spices,checkout
TH_463,drinks,dairy
TH_464,spices,fruit
TH_465,fruit,checkout
TH_466,spices,checkout
TH_468,dairy,fruit
TH_468,fruit,dairy
TH_469,drinks,fruit
TH_471,drinks,spices
TH_474,drinks,drinks
TH_474,drinks,fruit
TH_474,fruit,dairy
TH_474,dairy,spices
TH_475,spices,checkout
TH_476,fruit,checkout
TH_478,fruit,fruit
TH_478,drinks,spices
TH_478,dairy,checkout
TH_483,fruit,spices
TH_483,spices,fruit
TH_483,fruit,checkout
TH_484,fruit,checkout
TH_485,dairy,checkout
TH_486,dairy,drinks
TH_487,drinks,checkout
TH_490,fruit,dairy
TH_490,dairy,checkout
TH_491,fruit,checkout
TH_494,dairy,fruit
TH_511,spices,fruit
TH_512,fruit,dairy
TH_513,dairy,checkout
TH_514,fruit,spices
TH_514,spices,checkout
TH_515,dairy,checkout
TH_516,fruit,dairy
TH_516,drinks,fruit
TH_517,fruit,checkout
TH_518,drinks,drinks
TH_519,dairy,checkout
TH_520,fruit,checkout
TH_522,drinks,spices
TH_523,dairy,drinks
TH_523,drinks,spices
TH_524,spices,dairy
TH_526,dairy,dairy
TH_527,spices,checkout
TH_529,dairy,fruit
TH_530,fruit,checkout
TH_531,fruit,checkout
TH_533,fruit,checkout
TH_536,fruit,checkout
TH_537,dairy,dairy
TH_553,fruit,checkout
TH_554,fruit,spices
TH_554,spices,checkout
TH_556,spices,checkout
TH_556,fruit,checkout
TH_557,spices,drinks
TH_560,drinks,checkout
TH_561,drinks,checkout
TH_561,dairy,drinks
TH_562,drinks,spices
TH_562,spices,dairy
TH_562,dairy,drinks
TH_563,drinks,checkout
TH_564,fruit,checkout
TH_567,spices,checkout
TH_568,drinks,dairy
TH_577,fruit,spices
TH_577,drinks,checkout
TH_580,fruit,checkout
TH_583,spices,fruit
TH_584,dairy,spices
TH_584,fruit,fruit
TH_585,dairy,drinks
TH_585,drinks,checkout
TH_586,fruit,fruit
TH_587,fruit,fruit
TH_588,drinks,drinks
TH_589,drinks,spices
TH_589,spices,spices
TH_589,spices,fruit
TH_591,dairy,fruit
TH_592,fruit,checkout
TH_593,fruit,checkout
TH_594,spices,drinks
TH_594,dairy,drinks
TH_597,drinks,checkout
TH_602,fruit,dairy
TH_607,fruit,dairy
TH_607,dairy,spices
TH_607,spices,spices
TH_609,dairy,spices
TH_609,spices,fruit
TH_609,dairy,drinks
TH_609,spices,fruit
TH_612,drinks,spices
TH_613,drinks,checkout
TH_613,fruit,checkout
TH_614,drinks,spices
TH_615,fruit,spices
TH_616,spices,spices
TH_616,drinks,checkout
TH_617,drinks,checkout
TH_618,fruit,dairy
TH_622,drinks,spices
TH_622,drinks,fruit
TH_623,fruit,drinks
TH_624,fruit,spices
TH_638,fruit,dairy
TH_638,drinks,spices
TH_638,spices,spices
TH_638,drinks,checkout
TH_640,fruit,fruit
TH_641,fruit,spices
TH_641,spices,dairy
TH_642,fruit,checkout
TH_649,spices,checkout
TH_650,fruit,drinks
TH_651,spices,drinks
TH_652,drinks,checkout
TH_653,dairy,spices
TH_653,spices,dairy
TH_654,fruit,drinks
TH_654,spices,drinks
TH_654,drinks,checkout
TH_655,dairy,checkout
TH_656,spices,dairy
TH_656,dairy,dairy
TH_657,dairy,checkout
TH_658,fruit,checkout
TH_659,fruit,dairy
TH_660,fruit,drinks
TH_661,fruit,fruit
TH_663,fruit,checkout
TH_664,drinks,drinks
TH_666,drinks,spices
TH_668,dairy,checkout
TH_669,fruit,checkout
TH_670,dairy,drinks
TH_670,drinks,spices
TH_671,dairy,checkout
TH_673,drinks,dairy
TH_680,fruit,fruit
TH_682,spices,dairy
TH_682,dairy,dairy
TH_691,drinks,checkout
TH_696,dairy,spices
TH_696,drinks,checkout
TH_697,drinks,checkout
TH_698,drinks,checkout
TH_698,drinks,spices
TH_698,spices,dairy
TH_698,dairy,spices
TH_698,spices,fruit
TH_698,fruit,fruit
TH_700,spices,checkout
TH_702,fruit,dairy
TH_702,spices,fruit
TH_703,spices,checkout
TH_703,dairy,dairy
TH_704,dairy,checkout
TH_705,fruit,checkout
TH_705,dairy,fruit
TH_705,fruit,spices
TH_705,fruit,spices
TH_706,dairy,spices
TH_708,dairy,checkout
TH_710,spices,dairy
TH_713,fruit,checkout
TH_714,fruit,spices
TH_715,spices,checkout
TH_716,spices,drinks
TH_717,spices,spices
TH_717,spices,fruit
TH_720,spices,fruit
TH_720,dairy,drinks
TH_733,spices,drinks
TH_734,drinks,dairy
TH_734,dairy,checkout
TH_735,drinks,spices
TH_738,fruit,spices
TH_739,fruit,checkout
TH_740,fruit,spices
TH_741,fruit,checkout
TH_769,fruit,fruit
TH_769,dairy,dairy
TH_772,fruit,checkout
TH_784,drinks,spices
TH_785,drinks,checkout
TH_786,dairy,dairy
TH_787,dairy,spices
TH_788,fruit,checkout
TH_790,fruit,drinks
TH_793,drinks,checkout
TH_794,spices,fruit
TH_795,spices,checkout
TH_796,spices,checkout
TH_797,spices,checkout
TH_798,spices,checkout
TH_800,drinks,fruit
TH_802,spices,checkout
TH_803,fruit,drinks
TH_807,spices,fruit
TH_811,drinks,drinks
TH_813,dairy,spices
TH_813,drinks,fruit
TH_814,dairy,fruit
TH_814,dairy,drinks
TH_815,fruit,checkout
TH_818,fruit,checkout
TH_820,dairy,dairy
TH_821,dairy,drinks
TH_822,fruit,dairy
TH_823,drinks,fruit
TH_823,fruit,checkout
TH_824,drinks,dairy
TH_824,fruit,dairy
TH_825,dairy,checkout
TH_826,dairy,spices
TH_826,spices,checkout
TH_827,fruit,drinks
TH_827,drinks,drinks
TH_827,drinks,dairy
TH_828,dairy,drinks
TH_828,drinks,drinks
TH_828,drinks,checkout
TH_828,fruit,checkout
TH_829,dairy,checkout
TH_830,drinks,drinks
TH_831,drinks,checkout
TH_832,fruit,spices
TH_833,spices,checkout
TH_833,spices,fruit
TH_833,fruit,checkout
TH_834,spices,dairy
TH_835,dairy,spices
TH_835,spices,fruit
TH_839,fruit,dairy
TH_839,dairy,drinks
TH_839,spices,dairy
TH_841,fruit,dairy
TH_842,dairy,checkout
TH_856,fruit,dairy
TH_859,spices,checkout
TH_860,fruit,checkout
TH_873,spices,spices
TH_875,dairy,fruit
TH_876,drinks,dairy
TH_876,spices,checkout
TH_877,fruit,checkout
TH_878,drinks,checkout
TH_879,dairy,dairy
TH_886,fruit,fruit
TH_899,fruit,spices
TH_907,dairy,drinks
TH_907,spices,dairy
TH_920,spices,drinks
TH_921,dairy,fruit
TH_922,fruit,checkout
TH_946,drinks,checkout
TH_953,fruit,dairy
TH_957,spices,drinks
TH_957,spices,drinks
TH_957,drinks,fruit
TH_965,drinks,checkout
TH_966,drinks,checkout
TH_967,fruit,spices
TH_967,spices,spices
TH_968,fruit,dairy
TH_970,fruit,drinks
TH_971,drinks,spices
TH_973,drinks,drinks
TH_981,drinks,dairy
TH_981,dairy,spices
TH_988,spices,fruit
TH_995,spices,checkout
TH_996,fruit,fruit
TH_997,fruit,checkout
TH_1001,dairy,fruit
TH_1008,spices,fruit
TH_1009,spices,drinks
TH_1010,dairy,checkout
TH_1011,spices,drinks
TH_1012,drinks,checkout
TH_1023,drinks,checkout
TH_1025,fruit,spices
TH_1028,fruit,drinks
TH_1029,fruit,fruit
TH_1032,fruit,checkout
TH_1036,dairy,checkout
TH_1037,drinks,drinks
TH_1038,dairy,checkout
TH_1039,spices,dairy
TH_1040,spices,checkout
TH_1041,fruit,checkout
TH_1041,fruit,checkout
TH_1042,fruit,spices
TH_1043,spices,checkout
TH_1044,dairy,fruit
TH_1046,fruit,fruit
TH_1046,fruit,drinks
TH_1047,dairy,drinks
TH_1047,dairy,checkout
TH_1047,drinks,dairy
TH_1048,dairy,checkout
TH_1049,fruit,drinks
TH_1050,dairy,checkout
TH_1054,fruit,dairy
TH_1057,fruit,checkout
TH_1058,fruit,checkout
TH_1059,fruit,drinks
TH_1065,spices,dairy
TH_1068,dairy,checkout
TH_1069,spices,spices
TH_1070,drinks,spices
TH_1070,drinks,drinks
TH_1071,drinks,dairy
TH_1071,dairy,spices
TH_1074,drinks,drinks
TH_1087,drinks,fruit
TH_1087,fruit,dairy
TH_1089,spices,dairy
TH_1089,dairy,fruit
TH_1093,spices,drinks
TH_1094,dairy,checkout
TH_1095,dairy,checkout
TH_1096,drinks,fruit
TH_1100,spices,checkout
TH_1103,fruit,checkout
TH_1104,drinks,fruit
TH_1104,dairy,checkout
TH_1105,drinks,fruit
TH_1106,drinks,spices
TH_1106,spices,drinks
TH_1107,spices,drinks
TH_1122,dairy,spices
TH_1125,dairy,spices
TH_1126,spices,drinks
TH_1128,dairy,fruit
TH_1129,fruit,checkout
TH_1136,drinks,spices
TH_1138,spices,fruit
TH_1146,dairy,checkout
TH_1147,spices,fruit
TH_1155,drinks,fruit
TH_1160,dairy,drinks
TH_1177,dairy,fruit
TH_1182,dairy,spices
TH_1183,spices,checkout
TH_1184,spices,dairy
TH_1185,dairy,checkout
TH_1186,drinks,fruit
TH_1187,fruit,checkout
TH_1188,dairy,spices
TH_1189,dairy,dairy
TH_1268,drinks,spices
TH_1272,dairy,fruit
TH_1273,dairy,checkout
TH_1277,fruit,checkout
TH_1283,drinks,checkout
TH_1286,drinks,dairy
TH_1292,drinks,dairy
TH_1293,fruit,checkout
TH_1294,dairy,spices
TH_1298,dairy,checkout
TH_1299,spices,dairy
TH_1300,fruit,dairy
TH_1310,dairy,checkout
TH_1323,drinks,dairy
TH_1351,spices,checkout
TH_1356,dairy,fruit
TH_1364,drinks,spices
TH_1365,fruit,spices
TH_1367,spices,fruit
TH_1368,dairy,checkout
TH_1368,spices,fruit
TH_1369,dairy,fruit
TH_1373,dairy,checkout
TH_1374,fruit,dairy
TH_1374,spices,drinks
TH_1375,drinks,spices
TH_1375,spices,dairy
TH_1375,spices,dairy
TH_1376,fruit,checkout
TH_1376,spices,checkout
TH_1377,spices,fruit
TH_1378,fruit,checkout
TH_1378,spices,dairy
TH_1379,fruit,checkout
TH_1387,dairy,drinks
TH_1390,fruit,spices
TH_1396,fruit,spices
TH_1396,spices,checkout
TH_1397,fruit,checkout
TH_1401,fruit,checkout
TH_1401,drinks,spices
TH_1401,drinks,spices
TH_1404,dairy,checkout
TH_1408,fruit,drinks
TH_1410,dairy,drinks
TH_1411,dairy,checkout
TH_1414,fruit,checkout
TH_1417,fruit,fruit
TH_1418,fruit,drinks
TH_1418,dairy,checkout
TH_1418,drinks,checkout
TH_1419,drinks,spices
TH_1420,fruit,dairy
TH_1421,fruit,checkout
TH_1422,drinks,fruit
TH_1491,drinks,dairy
TH_1501,spices,drinks
TH_1505,fruit,drinks
TH_1505,drinks,checkout
TH_1506,spices,dairy
TH_1506,dairy,checkout
TH_1507,spices,checkout
TH_1510,spices,drinks
TH_1510,drinks,checkout
TH_1513,dairy,checkout
TH_1514,drinks,drinks
TH_1515,drinks,checkout
TH_1518,fruit,checkout
TH_1519,drinks,spices
TH_1527,spices,dairy
TH_1527,dairy,dairy
TH_1527,fruit,drinks
TH_1528,dairy,drinks
TH_1528,drinks,drinks
TH_1529,spices,dairy
TH_1530,dairy,fruit
TH_1530,fruit,checkout
TH_1531,spices,dairy
FR_1,dairy,spices
FR_2,drinks,checkout
FR_3,fruit,checkout
FR_3,spices,dairy
FR_5,drinks,spices
FR_5,spices,checkout
FR_6,dairy,spices
FR_6,spices,checkout
FR_8,fruit,checkout
FR_9,dairy,fruit
FR_9,fruit,fruit
FR_10,fruit,checkout
FR_11,drinks,fruit
FR_11,fruit,fruit
FR_12,fruit,checkout
FR_13,dairy,drinks
FR_14,drinks,spices
FR_14,spices,fruit
FR_16,spices,dairy
FR_17,fruit,checkout
FR_17,fruit,drinks
FR_20,fruit,dairy
FR_21,dairy,checkout
FR_22,fruit,checkout
FR_24,drinks,checkout
FR_24,spices,fruit
FR_25,dairy,dairy
FR_26,spices,dairy
FR_26,drinks,checkout
FR_29,dairy,fruit
FR_31,fruit,dairy
FR_32,fruit,spices
FR_32,spices,checkout
FR_33,fruit,spices
FR_34,spices,checkout
FR_34,fruit,spices
FR_35,drinks,fruit
FR_36,fruit,checkout
FR_37,dairy,fruit
FR_38,spices,checkout
FR_40,dairy,checkout
FR_41,spices,fruit
FR_41,drinks,drinks
FR_42,drinks,checkout
FR_43,fruit,drinks
FR_45,spices,spices
FR_45,drinks,spices
FR_46,spices,drinks
FR_46,dairy,dairy
FR_47,spices,dairy
FR_48,spices,dairy
FR_48,dairy,drinks
FR_49,fruit,checkout
FR_50,fruit,drinks
FR_51,dairy,checkout
FR_54,drinks,spices
FR_54,fruit,checkout
FR_58,drinks,fruit
FR_59,drinks,checkout
FR_60,dairy,spices
FR_61,fruit,checkout
FR_62,spices,fruit
FR_62,dairy,dairy
FR_63,fruit,dairy
FR_63,dairy,drinks
FR_63,drinks,dairy
FR_64,dairy,drinks
FR_65,dairy,dairy
FR_70,dairy,fruit
FR_72,drinks,spices
FR_74,drinks,spices
FR_74,spices,fruit
FR_74,fruit,drinks
FR_77,fruit,checkout
FR_78,drinks,drinks
FR_79,dairy,drinks
FR_80,drinks,checkout
FR_83,drinks,checkout
FR_84,spices,dairy
FR_85,fruit,checkout
FR_85,fruit,dairy
FR_86,dairy,fruit
FR_87,drinks,checkout
FR_88,spices,checkout
FR_89,fruit,checkout
FR_91,drinks,dairy
FR_93,spices,fruit
FR_93,drinks,checkout
FR_94,spices,dairy
FR_102,fruit,drinks
FR_102,dairy,spices
FR_103,dairy,spices
FR_104,spices,dairy
FR_104,drinks,spices
FR_105,spices,fruit
FR_105,dairy,fruit
FR_106,fruit,drinks
FR_106,drinks,checkout
FR_106,dairy,spices
FR_107,fruit,checkout
FR_108,dairy,checkout
FR_109,dairy,drinks
FR_110,spices,dairy
FR_111,fruit,checkout
FR_111,dairy,dairy
FR_113,spices,spices
FR_113,spices,dairy
FR_115,fruit,checkout
FR_116,fruit,checkout
FR_119,drinks,dairy
FR_120,dairy,fruit
FR_121,fruit,checkout
FR_131,spices,fruit
FR_135,spices,dairy
FR_136,dairy,checkout
FR_137,dairy,drinks
FR_138,fruit,checkout
FR_139,drinks,checkout
FR_159,spices,spices
FR_160,dairy,spices
FR_161,spices,drinks
FR_169,spices,dairy
FR_170,dairy,drinks
FR_170,drinks,checkout
FR_171,fruit,checkout
FR_182,fruit,dairy
FR_188,dairy,fruit
FR_243,fruit,dairy
FR_244,dairy,checkout
FR_245,drinks,checkout
FR_255,drinks,checkout
FR_258,spices,fruit
FR_264,fruit,checkout
FR_265,fruit,checkout
FR_266,fruit,checkout
FR_267,drinks,spices
FR_268,spices,checkout
FR_274,spices,dairy
FR_275,dairy,drinks
FR_292,drinks,checkout
FR_294,fruit,checkout
FR_294,drinks,checkout
FR_295,fruit,fruit
FR_296,dairy,checkout
FR_296,fruit,spices
FR_297,fruit,dairy
FR_299,dairy,spices
FR_300,dairy,checkout
FR_302,fruit,dairy
FR_308,spices,dairy
FR_312,drinks,spices
FR_313,dairy,dairy
FR_314,dairy,checkout
FR_319,spices,spices
FR_319,dairy,dairy
FR_319,drinks,spices
FR_320,dairy,spices
FR_320,spices,dairy
FR_329,dairy,fruit
FR_332,drinks,spices
FR_332,spices,spices
FR_334,fruit,dairy
FR_335,drinks,dairy
FR_336,drinks,spices
FR_336,spices,drinks
FR_336,drinks,checkout
FR_336,fruit,spices
FR_337,spices,dairy
FR_337,dairy,fruit
FR_337,drinks,checkout
FR_338,drinks,fruit
FR_340,dairy,fruit
FR_340,drinks,spices
FR_340,spices,dairy
FR_341,dairy,spices
FR_342,fruit,drinks
FR_342,fruit,checkout
FR_343,drinks,dairy
FR_343,dairy,fruit
FR_349,fruit,checkout
FR_350,fruit,fruit
FR_351,spices,drinks
FR_351,drinks,fruit
FR_351,spices,dairy
FR_361,drinks,checkout
FR_362,fruit,dairy
FR_368,drinks,spices
FR_368,spices,checkout
FR_369,drinks,fruit
FR_370,drinks,checkout
FR_374,dairy,drinks
FR_374,drinks,fruit
FR_374,fruit,spices
FR_376,spices,fruit
FR_378,fruit,checkout
FR_381,drinks,spices
FR_382,drinks,fruit
FR_383,fruit,checkout
FR_384,drinks,dairy
FR_384,dairy,spices
FR_384,spices,fruit
FR_384,dairy,dairy
FR_385,dairy,checkout
FR_385,spices,dairy
FR_386,drinks,spices
FR_387,drinks,drinks
FR_388,drinks,checkout
FR_389,fruit,fruit
FR_393,fruit,drinks
FR_393,drinks,spices
FR_393,spices,fruit
FR_393,drinks,checkout
FR_395,fruit,dairy
FR_395,dairy,dairy
FR_396,fruit,drinks
FR_397,drinks,checkout
FR_397,dairy,spices
FR_398,fruit,dairy
FR_399,dairy,checkout
FR_400,drinks,checkout
FR_404,spices,drinks
FR_405,fruit,dairy
FR_406,fruit,checkout
FR_410,drinks,checkout
FR_421,spices,spices
FR_422,drinks,drinks
FR_423,spices,checkout
FR_424,spices,checkout
FR_425,fruit,checkout
FR_426,fruit,dairy
FR_427,spices,drinks
FR_427,dairy,dairy
FR_428,dairy,drinks
FR_429,fruit,fruit
FR_429,fruit,drinks
FR_430,dairy,drinks
FR_430,drinks,checkout
FR_431,fruit,drinks
FR_431,fruit,checkout
FR_432,dairy,checkout
FR_436,drinks,checkout
FR_439,dairy,drinks
FR_441,dairy,spices
FR_441,fruit,drinks
FR_442,spices,dairy
FR_446,drinks,fruit
FR_447,dairy,dairy
FR_447,drinks,fruit
FR_448,spices,fruit
FR_449,dairy,checkout
FR_450,fruit,drinks
FR_450,spices,fruit
FR_451,drinks,spices
FR_453,spices,checkout
FR_455,drinks,spices
FR_481,fruit,drinks
FR_482,spices,checkout
FR_488,fruit,checkout
FR_489,spices,spices
FR_490,fruit,checkout
FR_500,drinks,spices
FR_502,drinks,dairy
FR_503,fruit,fruit
FR_504,fruit,dairy
FR_505,drinks,spices
FR_505,drinks,fruit
FR_505,fruit,dairy
FR_506,fruit,checkout
FR_507,fruit,checkout
FR_508,fruit,dairy
FR_509,dairy,checkout
FR_510,spices,drinks
FR_510,drinks,checkout
FR_511,fruit,checkout
FR_512,drinks,checkout
FR_514,spices,spices
FR_515,dairy,fruit
FR_523,dairy,checkout
FR_531,dairy,checkout
FR_538,dairy,drinks
FR_538,spices,dairy
FR_539,drinks,dairy
FR_539,spices,checkout
FR_541,spices,spices
FR_541,spices,drinks
FR_542,fruit,checkout
FR_543,spices,drinks
FR_555,spices,drinks
FR_555,drinks,spices
FR_556,spices,drinks
FR_557,drinks,dairy
FR_558,dairy,checkout
FR_559,spices,drinks
FR_561,drinks,fruit
FR_562,fruit,checkout
FR_563,dairy,checkout
FR_566,dairy,fruit
FR_567,spices,checkout
FR_568,dairy,fruit
FR_575,dairy,spices
FR_576,fruit,checkout
FR_586,drinks,fruit
FR_587,drinks,spices
FR_594,fruit,fruit
FR_598,dairy,checkout
FR_603,spices,drinks
FR_604,drinks,checkout
FR_605,fruit,checkout
FR_607,fruit,drinks
FR_609,spices,fruit
FR_610,fruit,checkout
FR_611,spices,checkout
FR_612,fruit,dairy
FR_628,fruit,dairy
FR_632,drinks,checkout
FR_634,spices,fruit
FR_634,fruit,fruit
FR_636,fruit,checkout
FR_638,dairy,fruit
FR_642,dairy,fruit
FR_642,dairy,spices
FR_643,spices,drinks
FR_643,drinks,checkout
FR_643,dairy,fruit
FR_644,fruit,checkout
FR_645,fruit,checkout
FR_646,spices,fruit
FR_646,fruit,spices
FR_647,spices,checkout
FR_648,drinks,fruit
FR_650,dairy,dairy
FR_650,dairy,spices
FR_650,spices,checkout
FR_652,fruit,checkout
FR_655,drinks,checkout
FR_656,drinks,spices
FR_664,drinks,fruit
FR_664,drinks,spices
FR_664,dairy,checkout
FR_665,drinks,dairy
FR_665,spices,checkout
FR_667,drinks,spices
FR_667,dairy,fruit
FR_667,dairy,dairy
FR_668,spices,dairy
FR_668,dairy,drinks
FR_669,drinks,checkout
FR_671,spices,dairy
FR_672,drinks,checkout
FR_672,dairy,fruit
FR_672,fruit,fruit
FR_673,fruit,checkout
FR_674,dairy,checkout
FR_674,spices,drinks
FR_675,spices,checkout
FR_676,fruit,fruit
FR_677,fruit,checkout
FR_678,drinks,checkout
FR_679,dairy,spices
FR_683,dairy,dairy
FR_686,spices,drinks
FR_687,fruit,checkout
FR_688,drinks,checkout
FR_688,fruit,spices
FR_689,drinks,fruit
FR_690,dairy,fruit
FR_690,fruit,drinks
FR_690,drinks,fruit
FR_691,drinks,fruit
FR_691,fruit,checkout
FR_692,drinks,dairy
FR_692,fruit,spices
FR_693,drinks,checkout
FR_696,dairy,checkout
FR_696,spices,dairy
FR_697,spices,dairy
FR_697,dairy,fruit
FR_698,dairy,dairy
FR_699,spices,fruit
FR_699,spices,checkout
FR_700,fruit,checkout
FR_701,spices,checkout
FR_702,dairy,dairy
FR_703,dairy,dairy
FR_703,fruit,checkout
FR_704,fruit,drinks
FR_705,fruit,checkout
FR_706,fruit,checkout
FR_707,drinks,fruit
FR_708,fruit,checkout
FR_709,fruit,dairy
FR_717,drinks,dairy
FR_719,fruit,checkout
FR_720,drinks,spices
FR_720,drinks,checkout
FR_720,spices,fruit
FR_720,fruit,drinks
FR_720,fruit,drinks
FR_721,dairy,dairy
FR_722,fruit,checkout
FR_723,spices,checkout
FR_728,dairy,checkout
FR_728,fruit,fruit
FR_745,spices,spices
FR_745,spices,dairy
FR_745,dairy,spices
FR_747,spices,checkout
FR_747,drinks,fruit
FR_747,fruit,checkout
FR_748,fruit,checkout
FR_749,drinks,spices
FR_749,spices,fruit
FR_750,dairy,drinks
FR_750,drinks,fruit
FR_751,spices,dairy
FR_752,dairy,fruit
FR_753,fruit,dairy
FR_753,dairy,spices
FR_753,spices,checkout
FR_754,dairy,fruit
FR_754,fruit,checkout
FR_755,dairy,fruit
FR_755,fruit,fruit
FR_756,dairy,spices
FR_756,spices,checkout
FR_757,fruit,dairy
FR_758,drinks,drinks
FR_758,spices,fruit
FR_758,fruit,drinks
FR_764,drinks,checkout
FR_765,spices,dairy
FR_768,drinks,drinks
FR_769,fruit,checkout
FR_771,fruit,spices
FR_771,spices,drinks
FR_772,fruit,dairy
FR_773,dairy,checkout
FR_774,fruit,dairy
FR_774,dairy,drinks
FR_775,fruit,dairy
FR_775,dairy,spices
FR_779,drinks,dairy
FR_782,fruit,drinks
FR_784,fruit,checkout
FR_785,dairy,fruit
FR_786,fruit,dairy
FR_786,spices,checkout
FR_787,spices,drinks
FR_788,drinks,fruit
FR_793,spices,checkout
FR_793,dairy,checkout
FR_794,fruit,spices
FR_794,dairy,drinks
FR_795,spices,fruit
FR_795,fruit,fruit
FR_797,dairy,checkout
FR_801,drinks,dairy
FR_802,dairy,fruit
FR_808,fruit,checkout
FR_808,drinks,spices
FR_811,drinks,drinks
FR_811,drinks,fruit
FR_812,spices,spices
FR_813,fruit,checkout
FR_814,dairy,checkout
FR_815,dairy,fruit
FR_817,spices,checkout
FR_818,drinks,checkout
FR_819,fruit,drinks
FR_820,drinks,checkout
FR_821,drinks,drinks
FR_846,dairy,fruit
FR_849,spices,dairy
FR_851,spices,checkout
FR_852,fruit,checkout
FR_854,fruit,checkout
FR_859,fruit,drinks
FR_867,dairy,drinks
FR_867,drinks,fruit
FR_867,fruit,spices
FR_870,dairy,dairy
FR_871,fruit,drinks
FR_874,dairy,spices
FR_876,drinks,fruit
FR_880,fruit,dairy
FR_881,fruit,checkout
FR_882,dairy,checkout
FR_883,dairy,fruit
FR_883,fruit,checkout
FR_884,dairy,fruit
FR_885,dairy,checkout
FR_886,drinks,checkout
FR_895,drinks,spices
FR_897,spices,checkout
FR_902,spices,drinks
FR_904,drinks,fruit
FR_904,fruit,checkout
FR_905,drinks,checkout
FR_906,fruit,drinks
FR_906,dairy,fruit
FR_907,dairy,dairy
FR_907,fruit,spices
FR_907,drinks,fruit
FR_908,spices,checkout
FR_909,dairy,spices
FR_911,spices,checkout
FR_912,dairy,spices
FR_912,fruit,drinks
FR_913,fruit,checkout
FR_914,spices,dairy
FR_915,dairy,checkout
FR_917,fruit,spices
FR_946,dairy,spices
FR_947,dairy,dairy
FR_947,dairy,fruit
FR_948,dairy,spices
FR_948,spices,spices
FR_950,spices,checkout
FR_950,dairy,fruit
FR_951,spices,checkout
FR_951,drinks,checkout
FR_956,drinks,checkout
FR_956,dairy,dairy
FR_957,dairy,checkout
FR_958,dairy,checkout
FR_959,dairy,fruit
FR_959,fruit,drinks
FR_960,drinks,drinks
FR_960,fruit,spices
FR_961,spices,drinks
FR_961,drinks,checkout
FR_962,fruit,dairy
FR_962,drinks,drinks
FR_963,drinks,drinks
FR_963,fruit,dairy
FR_963,drinks,checkout
FR_964,drinks,dairy
FR_969,drinks,checkout
FR_973,dairy,checkout
FR_973,drinks,checkout
FR_976,fruit,checkout
FR_988,spices,drinks
FR_992,fruit,spices
FR_999,drinks,fruit
FR_1001,drinks,drinks
FR_1004,dairy,fruit
FR_1009,spices,checkout
FR_1010,drinks,fruit
FR_1011,dairy,drinks
FR_1012,fruit,spices
FR_1013,spices,checkout
FR_1014,drinks,drinks
FR_1038,dairy,drinks
FR_1042,dairy,spices
FR_1043,spices,drinks
FR_1046,drinks,spices
FR_1047,fruit,checkout
FR_1048,dairy,checkout
FR_1049,spices,dairy
FR_1050,dairy,checkout
FR_1051,spices,fruit
FR_1070,drinks,spices
FR_1071,fruit,checkout
FR_1072,dairy,checkout
FR_1083,dairy,drinks
FR_1083,dairy,drinks
FR_1090,fruit,checkout
FR_1090,drinks,spices
FR_1093,drinks,spices
FR_1095,dairy,drinks
FR_1097,drinks,spices
FR_1098,dairy,fruit
FR_1098,fruit,dairy
FR_1099,dairy,checkout
FR_1100,dairy,fruit
FR_1102,dairy,drinks
FR_1103,spices,fruit
FR_1104,fruit,drinks
FR_1105,dairy,checkout
FR_1106,fruit,checkout
FR_1107,fruit,dairy
FR_1108,dairy,dairy
FR_1110,spices,checkout
FR_1113,dairy,dairy
FR_1117,dairy,spices
FR_1118,drinks,drinks
FR_1118,fruit,drinks
FR_1123,dairy,fruit
FR_1129,spices,fruit
FR_1140,dairy,checkout
FR_1143,dairy,checkout
FR_1146,dairy,fruit
FR_1149,spices,fruit
FR_1150,fruit,checkout
FR_1151,dairy,checkout
FR_1152,dairy,dairy
FR_1153,fruit,checkout
FR_1154,fruit,checkout
FR_1214,drinks,dairy
FR_1216,fruit,drinks
FR_1217,drinks,checkout
FR_1221,fruit,checkout
FR_1222,fruit,dairy
FR_1224,fruit,drinks
FR_1235,dairy,spices
FR_1235,spices,drinks
FR_1236,drinks,spices
FR_1236,spices,fruit
FR_1236,dairy,dairy
FR_1238,drinks,dairy
FR_1238,spices,spices
FR_1238,dairy,spices
FR_1239,spices,dairy
FR_1240,fruit,dairy
FR_1240,dairy,checkout
FR_1241,dairy,spices
FR_1241,spices,checkout
FR_1242,dairy,drinks
FR_1242,drinks,checkout
FR_1243,spices,dairy
FR_1244,dairy,checkout
FR_1245,fruit,fruit
FR_1246,drinks,fruit
FR_1270,fruit,checkout
FR_1271,fruit,drinks
FR_1272,drinks,checkout
FR_1276,fruit,dairy
FR_1292,fruit,drinks
FR_1296,dairy,checkout
FR_1297,fruit,dairy
FR_1299,fruit,checkout
FR_1315,fruit,fruit
FR_1316,fruit,checkout
FR_1317,dairy,checkout
FR_1346,fruit,spices
FR_1348,dairy,drinks
FR_1354,fruit,checkout
FR_1358,drinks,spices
FR_1359,spices,dairy
FR_1359,fruit,dairy
FR_1362,spices,checkout
FR_1363,drinks,checkout
FR_1364,fruit,spices
FR_1365,dairy,checkout
FR_1366,fruit,drinks
FR_1372,drinks,drinks
FR_1373,fruit,dairy
FR_1374,drinks,spices
FR_1375,spices,checkout
FR_1376,spices,drinks
FR_1376,drinks,fruit
FR_1377,fruit,dairy
FR_1380,dairy,fruit
FR_1380,fruit,spices
FR_1381,fruit,checkout
FR_1382,spices,dairy
FR_1382,fruit,fruit
FR_1383,drinks,drinks
FR_1405,dairy,checkout
FR_1408,fruit,spices
FR_1415,fruit,drinks
FR_1418,dairy,fruit
FR_1418,spices,checkout
FR_1421,spices,fruit
FR_1421,fruit,checkout
FR_1421,dairy,fruit
FR_1423,drinks,drinks
FR_1426,dairy,checkout
FR_1427,dairy,checkout
FR_1428,dairy,checkout
FR_1429,drinks,spices
FR_1429,fruit,spices
FR_1429,spices,dairy
FR_1432,fruit,drinks
FR_1433,fruit,checkout
FR_1434,spices,fruit
FR_1434,fruit,checkout
FR_1435,drinks,spices
FR_1435,spices,dairy
FR_1436,dairy,spices
FR_1436,spices,fruit
FR_1436,dairy,dairy
FR_1437,dairy,checkout
FR_1438,spices,drinks
FR_1439,fruit,dairy
FR_1440,dairy,spices
FR_1443,fruit,checkout
FR_1444,spices,drinks
FR_1445,fruit,checkout
FR_1448,spices,drinks
FR_1456,dairy,checkout
FR_1458,drinks,dairy
FR_1458,fruit,fruit
FR_1458,dairy,spices
FR_1458,spices,checkout
FR_1460,fruit,checkout
FR_1461,drinks,checkout
FR_1462,fruit,drinks
FR_1463,drinks,fruit
FR_1463,fruit,checkout
FR_1463,dairy,spices
FR_1464,drinks,checkout
FR_1464,fruit,checkout
FR_1465,fruit,drinks
FR_1466,dairy,checkout
FR_1467,spices,fruit
FR_1468,fruit,drinks
FR_1468,drinks,checkout
FR_1472,fruit,drinks
FR_1473,fruit,fruit
FR_1474,dairy,checkout
FR_1478,dairy,fruit
FR_1478,drinks,checkout
FR_1481,drinks,fruit
FR_1482,fruit,checkout
FR_1483,dairy,dairy
FR_1484,fruit,drinks
FR_1485,drinks,checkout
FR_1494,spices,drinks
FR_1494,drinks,dairy
FR_1494,dairy,fruit
FR_1494,drinks,fruit
FR_1494,fruit,drinks
FR_1494,drinks,dairy
FR_1495,drinks,checkout
FR_1496,dairy,drinks
FR_1496,drinks,fruit
FR_1496,fruit,dairy
FR_1497,dairy,fruit
FR_1499,dairy,checkout
FR_1500,spices,dairy
FR_1500,dairy,fruit
FR_1500,fruit,dairy
FR_1501,fruit,checkout
FR_1502,fruit,checkout
FR_1503,drinks,dairy
FR_1505,dairy,dairy
